profile,dataset,operation,launches,startup_ms_median,operation_ms_mean,operation_ms_median,operation_ms_min,operation_ms_max,allocated_bytes_median,working_set_median
B-P0,DATA-01,serialize,20,56.020,42.054,41.944,40.505,44.977,850888,30799872
B-P0,DATA-01,deserialize,20,56.329,45.940,45.694,44.581,49.471,858752,30935040
B-P0,DATA-02,serialize,20,56.386,57.016,56.478,55.470,60.253,1294568,31600640
B-P0,DATA-02,deserialize,20,55.855,64.221,63.990,62.474,66.710,1338876,32059392
B-P0,DATA-03,serialize,20,55.038,44.817,44.566,43.587,47.932,1105024,31115264
B-P0,DATA-03,deserialize,20,55.866,50.586,50.443,48.740,53.688,1060768,31373312
B-P7,DATA-01,serialize,20,56.671,40.468,40.047,38.653,44.069,850056,30715904
B-P7,DATA-01,deserialize,20,56.275,42.735,42.554,40.883,45.238,857080,30867456
B-P7,DATA-02,serialize,20,55.983,54.913,54.627,53.277,57.335,1291704,31545344
B-P7,DATA-02,deserialize,20,56.073,60.560,60.349,59.231,62.231,1336272,31956992
B-P7,DATA-03,serialize,20,56.262,43.199,43.119,41.489,45.732,1073088,30971904
B-P7,DATA-03,deserialize,20,57.413,47.856,47.411,45.426,51.177,1037448,31199232
B-P6b,DATA-01,serialize,20,55.883,48.521,48.338,46.953,52.376,854440,32065536
B-P6b,DATA-01,deserialize,20,56.647,53.117,53.120,51.518,55.680,861592,32153600
B-P6b,DATA-02,serialize,20,56.163,64.207,64.197,61.258,66.646,1302572,32925696
B-P6b,DATA-02,deserialize,20,56.665,71.972,71.718,69.524,76.495,1343124,33183744
B-P6b,DATA-03,serialize,20,55.758,51.951,51.681,50.271,54.932,1183424,32561152
B-P6b,DATA-03,deserialize,20,56.472,57.934,57.880,56.369,59.835,1096800,32612352
