suite,method,parameters,job,state,mean_ns,error_ns,stddev_ns,median_ns,p95_ns,ops_per_second,allocated_bytes,gen0_per_1000,gen1_per_1000,gen2_per_1000,iterations
"ViShap.Viper.Serialization.Benchmarks.Suites.Components.EnvelopeDifferentialBenchmarks","'DIFF-01 serialize'","Configuration=Headerless","Publication",Supported,9500.6512451171875,44.970033599374766,174.16819120876644,9453.1005859375,9796.5203857421875,105255.94237699706,10146,1.6021728515625,0.0152587890625,0,15
"ViShap.Viper.Serialization.Benchmarks.Suites.Components.EnvelopeDifferentialBenchmarks","'DIFF-01 deserialize'","Configuration=Headerless","Publication",Supported,14061.81910588191,48.129655209916066,173.53393972975491,14049.664306640625,14317.873229980469,71114.554416484461,14243,2.25830078125,0.030517578125,0,13
"ViShap.Viper.Serialization.Benchmarks.Suites.Components.EnvelopeDifferentialBenchmarks","'DIFF-01 serialize'","Configuration=MinimalHeader","Publication",Supported,8959.1656494140625,29.290768726546222,113.44265947552655,8965.5975341796875,9122.4017333984375,111617.53662467453,13042,2.0751953125,0.0152587890625,0,15
"ViShap.Viper.Serialization.Benchmarks.Suites.Components.EnvelopeDifferentialBenchmarks","'DIFF-01 deserialize'","Configuration=MinimalHeader","Publication",Supported,11329.349644978842,64.196726023420666,222.38398230428743,11302.069091796875,11658.118591308594,88266.319898000424,15725,2.50244140625,0.030517578125,0,12
"ViShap.Viper.Serialization.Benchmarks.Suites.Components.EnvelopeDifferentialBenchmarks","'DIFF-01 serialize'","Configuration=Encrypted","Publication",Supported,11161.32334391276,114.19679099736405,442.28226972312007,11079.855346679688,11940.467529296875,89595.110650153059,14307,2.2735595703125,0.0152587890625,0,15
"ViShap.Viper.Serialization.Benchmarks.Suites.Components.EnvelopeDifferentialBenchmarks","'DIFF-01 deserialize'","Configuration=Encrypted","Publication",Supported,13458.3154296875,248.77008487159176,963.48239574228057,13255.6884765625,15048.802490234375,74303.504418845376,16943,2.685546875,0,0,15
"ViShap.Viper.Serialization.Benchmarks.Suites.Components.EnvelopeDifferentialBenchmarks","'DIFF-01 serialize'","Configuration=EncryptedWithKeyId","Publication",Supported,10789.837849934896,32.766999926756846,126.90604502150893,10795.054626464844,10963.831787109375,92679.798705782567,14427,2.288818359375,0.0152587890625,0,15
"ViShap.Viper.Serialization.Benchmarks.Suites.Components.EnvelopeDifferentialBenchmarks","'DIFF-01 deserialize'","Configuration=EncryptedWithKeyId","Publication",Supported,13088.450113932291,49.95204959961449,193.46345620823379,13092.372131347656,13426.312561035156,76403.240360409662,17223,2.7313232421875,0.0457763671875,0,15
"ViShap.Viper.Serialization.Benchmarks.Suites.Components.EnvelopeDifferentialBenchmarks","'DIFF-01 serialize'","Configuration=Protected","Publication",Supported,36693.68111746652,120.80323433774402,452.00431410600333,36665.338134765625,37340.031433105469,27252.648672634565,16284,2.5634765625,0,0,14
"ViShap.Viper.Serialization.Benchmarks.Suites.Components.EnvelopeDifferentialBenchmarks","'DIFF-01 deserialize'","Configuration=Protected","Publication",Supported,20389.412841796875,56.902322578499181,220.38174770704961,20368.83544921875,20702.998657226562,49045.061167728658,19399,3.082275390625,0.030517578125,0,15
"ViShap.Viper.Serialization.Benchmarks.Suites.Components.EnvelopeDifferentialBenchmarks","'DIFF-01 serialize'","Configuration=ProtectedCustomNames","Publication",Supported,37742.613438197543,60.336136686201009,225.75715152132619,37798.904418945312,38004.100341796875,26495.250564391139,16868,2.685546875,0,0,14
"ViShap.Viper.Serialization.Benchmarks.Suites.Components.EnvelopeDifferentialBenchmarks","'DIFF-01 deserialize'","Configuration=ProtectedCustomNames","Publication",Supported,21186.901448567707,83.769826079717092,324.43914132143607,21139.239501953125,21667.965393066406,47198.973499147643,20696,3.2958984375,0.030517578125,0,15
"ViShap.Viper.Serialization.Benchmarks.Suites.Components.ValuePrimitiveBenchmarks","'MICRO-01 write'","Primitive=Byte","Publication",Supported,4.4496602571927584,0.016664318503099133,0.060084054833587232,4.4549896240234377,4.5412886047363283,224736258.9949483,0,0,0,0,13
"ViShap.Viper.Serialization.Benchmarks.Suites.Components.ValuePrimitiveBenchmarks","'MICRO-01 read'","Primitive=Byte","Publication",Supported,2.5587614604404996,0.0085192462795447895,0.03187610077160518,2.5551612854003904,2.612368240356445,390814077.61544389,0,0,0,0,14
"ViShap.Viper.Serialization.Benchmarks.Suites.Components.ValuePrimitiveBenchmarks","'MICRO-01 write'","Primitive=Int16","Publication",Supported,5.8856918843587236,0.02167580059061331,0.083950014703158243,5.8826850891113285,6.0018691253662109,169903559.28374514,0,0,0,0,15
"ViShap.Viper.Serialization.Benchmarks.Suites.Components.ValuePrimitiveBenchmarks","'MICRO-01 read'","Primitive=Int16","Publication",Supported,11.138908034104567,0.030948532606600937,0.11158652121346886,11.093487548828126,11.316739501953125,89775406.793758288,0,0,0,0,13
"ViShap.Viper.Serialization.Benchmarks.Suites.Components.ValuePrimitiveBenchmarks","'MICRO-01 write'","Primitive=Int32","Publication",Supported,5.7394054119403544,0.02665888189575253,0.09611996562167438,5.7179336547851562,5.8840316772460941,174234076.21973932,0,0,0,0,13
"ViShap.Viper.Serialization.Benchmarks.Suites.Components.ValuePrimitiveBenchmarks","'MICRO-01 read'","Primitive=Int32","Publication",Supported,11.375431278773718,0.034916114570646709,0.13064413800070551,11.393581390380859,11.579092407226563,87908754.885274202,0,0,0,0,14
"ViShap.Viper.Serialization.Benchmarks.Suites.Components.ValuePrimitiveBenchmarks","'MICRO-01 write'","Primitive=Int64","Publication",Supported,5.6091104234967926,0.029796219753241992,0.11148724573765752,5.6222763061523438,5.7775148773193354,178281389.47148538,0,0,0,0,14
"ViShap.Viper.Serialization.Benchmarks.Suites.Components.ValuePrimitiveBenchmarks","'MICRO-01 read'","Primitive=Int64","Publication",Supported,11.000460706438336,0.032356030183876949,0.1210651793441838,11.046633911132812,11.153247070312499,90905283.577325195,0,0,0,0,14
"ViShap.Viper.Serialization.Benchmarks.Suites.Components.ValuePrimitiveBenchmarks","'MICRO-01 write'","Primitive=Double","Publication",Supported,6.4743330891927089,0.027072715767959867,0.10485217730591551,6.4713706970214844,6.6310054779052745,154456063.07609531,0,0,0,0,15
"ViShap.Viper.Serialization.Benchmarks.Suites.Components.ValuePrimitiveBenchmarks","'MICRO-01 read'","Primitive=Double","Publication",Supported,11.449597676595054,0.030080107242759929,0.11649975440334231,11.442909240722656,11.61094253540039,87339313.419210523,0,0,0,0,15
"ViShap.Viper.Serialization.Benchmarks.Suites.Components.ValuePrimitiveBenchmarks","'MICRO-01 write'","Primitive=Decimal","Publication",Supported,7.6428245544433597,0.022032386809974616,0.085331067192231644,7.6609214782714847,7.7394741821289061,130841679.39176667,0,0,0,0,15
"ViShap.Viper.Serialization.Benchmarks.Suites.Components.ValuePrimitiveBenchmarks","'MICRO-01 read'","Primitive=Decimal","Publication",Supported,35.588997105189733,0.12902631574671228,0.48277226740191292,35.477447509765625,36.448341979980469,28098572.068336703,0,0,0,0,14
"ViShap.Viper.Serialization.Benchmarks.Suites.Components.ValuePrimitiveBenchmarks","'MICRO-01 write'","Primitive=VarIntOneByte","Publication",Supported,4.4111973898751398,0.022155610567453191,0.082898703938198023,4.3859649658203121,4.5327245712280275,226695817.8510133,0,0,0,0,14
"ViShap.Viper.Serialization.Benchmarks.Suites.Components.ValuePrimitiveBenchmarks","'MICRO-01 read'","Primitive=VarIntOneByte","Publication",Supported,10.660981046236479,0.066100176793230561,0.23832757674522764,10.671536254882813,11.03796661376953,93799997.923551157,72,0.011474609375,0,0,13
"ViShap.Viper.Serialization.Benchmarks.Suites.Components.ValuePrimitiveBenchmarks","'MICRO-01 write'","Primitive=VarIntFiveBytes","Publication",Supported,22.605412394205732,0.092109706676569231,0.35673935998240275,22.71697998046875,23.056771545410157,44237193.401360914,0,0,0,0,15
"ViShap.Viper.Serialization.Benchmarks.Suites.Components.ValuePrimitiveBenchmarks","'MICRO-01 read'","Primitive=VarIntFiveBytes","Publication",Supported,43.82181762695312,0.16790415178670437,0.65028998362898838,43.835565185546876,44.820907592773438,22819683.30279706,360,0.057373046875,0,0,15
"ViShap.Viper.Serialization.Benchmarks.Suites.Components.ValueTextBenchmarks","'MICRO-01 write string'","Bytes=8; MultiByte=False","Publication",Supported,31.798155949665951,0.28619125359010278,1.031877239408433,31.710350513458252,33.249348402023315,31448364.539847013,32,0.0050663948059082031,0,0,13
"ViShap.Viper.Serialization.Benchmarks.Suites.Components.ValueTextBenchmarks","'MICRO-01 read string'","Bytes=8; MultiByte=False","Publication",Supported,49.855755567550659,0.3059212965761996,1.1848280868898011,49.540632963180542,51.779839992523193,20057864.706213869,160,0.025451183319091797,0,0,15
"ViShap.Viper.Serialization.Benchmarks.Suites.Components.ValueTextBenchmarks","'MICRO-01 write blob'","Bytes=8; MultiByte=False","Publication",Supported,14.939262668291727,0.062547842815813756,0.24224675356684588,14.959999918937683,15.270946025848389,66937707.85103599,0,0,0,0,15
"ViShap.Viper.Serialization.Benchmarks.Suites.Components.ValueTextBenchmarks","'MICRO-01 read blob'","Bytes=8; MultiByte=False","Publication",Supported,48.230162262916565,0.48978746174074983,1.8969386825031265,47.620436549186707,51.563693881034851,20733913.241857052,192,0.030577182769775391,0,0,15
"ViShap.Viper.Serialization.Benchmarks.Suites.Components.ValueTextBenchmarks","'MICRO-01 write string'","Bytes=8; MultiByte=True","Publication",Supported,34.373851418495178,0.22338612167527935,0.86517072902222059,34.120193123817444,36.007407307624817,29091881.146083631,32,0.0050663948059082031,0,0,15
"ViShap.Viper.Serialization.Benchmarks.Suites.Components.ValueTextBenchmarks","'MICRO-01 read string'","Bytes=8; MultiByte=True","Publication",Supported,60.271759216602035,0.24411318518950417,0.88016260621759379,60.468590259552002,61.428318023681641,16591518.366109796,152,0.024199485778808594,0,0,13
"ViShap.Viper.Serialization.Benchmarks.Suites.Components.ValueTextBenchmarks","'MICRO-01 write blob'","Bytes=8; MultiByte=True","Publication",Supported,18.235195477803547,0.074298758310073057,0.2877578535788029,18.248283863067627,18.635872304439545,54839006.31705492,0,0,0,0,15
"ViShap.Viper.Serialization.Benchmarks.Suites.Components.ValueTextBenchmarks","'MICRO-01 read blob'","Bytes=8; MultiByte=True","Publication",Supported,43.957818746566772,0.28017050850688191,1.0850957135456172,43.709981441497803,45.909177660942078,22749081.472066965,192,0.030577182769775391,0,0,15
"ViShap.Viper.Serialization.Benchmarks.Suites.Components.ValueTextBenchmarks","'MICRO-01 write string'","Bytes=256; MultiByte=False","Publication",Supported,71.489523989813662,0.67219134490938925,2.5151097110057266,71.2848961353302,74.888600707054138,13988063.483853763,280,0.044584274291992188,0,0,14
"ViShap.Viper.Serialization.Benchmarks.Suites.Components.ValueTextBenchmarks","'MICRO-01 read string'","Bytes=256; MultiByte=False","Publication",Supported,96.141524825777324,0.4192130351244851,1.5685515495054534,96.376466751098633,98.029288053512573,10401332.84563718,992,0.15807151794433594,0,0,14
"ViShap.Viper.Serialization.Benchmarks.Suites.Components.ValueTextBenchmarks","'MICRO-01 write blob'","Bytes=256; MultiByte=False","Publication",Supported,22.424298127492268,0.059951058178031376,0.2321894499110275,22.47772216796875,22.71530419588089,44594483.819049679,0,0,0,0,15
"ViShap.Viper.Serialization.Benchmarks.Suites.Components.ValueTextBenchmarks","'MICRO-01 read blob'","Bytes=256; MultiByte=False","Publication",Supported,62.096469799677529,0.20518631616844182,0.7946831853900248,62.141174077987671,63.225195407867432,16103975.044410545,536,0.085353851318359375,0,0,15
"ViShap.Viper.Serialization.Benchmarks.Suites.Components.ValueTextBenchmarks","'MICRO-01 write string'","Bytes=256; MultiByte=True","Publication",Supported,164.59852797644479,0.37238931467764208,1.3933532300192852,164.63124752044678,166.25579833984375,6075388.4757894501,280,0.044584274291992188,0,0,14
"ViShap.Viper.Serialization.Benchmarks.Suites.Components.ValueTextBenchmarks","'MICRO-01 read string'","Bytes=256; MultiByte=True","Publication",Supported,259.18300946553546,0.65554690879430277,2.538922260418087,259.1029167175293,262.29144096374512,3858277.6010746714,648,0.102996826171875,0,0,15
"ViShap.Viper.Serialization.Benchmarks.Suites.Components.ValueTextBenchmarks","'MICRO-01 write blob'","Bytes=256; MultiByte=True","Publication",Supported,21.941937009493511,0.055283845855132956,0.21411341431122788,21.994048357009888,22.215602695941925,45574827.763261504,0,0,0,0,15
"ViShap.Viper.Serialization.Benchmarks.Suites.Components.ValueTextBenchmarks","'MICRO-01 read blob'","Bytes=256; MultiByte=True","Publication",Supported,63.489632095609394,0.32655058297188971,1.221840400932108,63.630509376525879,64.845325946807861,15750603.161380654,536,0.085353851318359375,0,0,14
"ViShap.Viper.Serialization.Benchmarks.Suites.Components.ValueTextBenchmarks","'MICRO-01 write string'","Bytes=4096; MultiByte=False","Publication",Supported,399.76024287087574,2.1288839223015241,7.9655542534637798,400.74152946472168,410.10366201400757,2501499.3807751019,4120,0.6561279296875,0,0,14
"ViShap.Viper.Serialization.Benchmarks.Suites.Components.ValueTextBenchmarks","'MICRO-01 read string'","Bytes=4096; MultiByte=False","Publication",Supported,633.61501693725586,2.6775611738699938,10.370149834850068,631.49213790893555,651.00668907165527,1578245.4223287855,12512,1.995086669921875,0,0,15
"ViShap.Viper.Serialization.Benchmarks.Suites.Components.ValueTextBenchmarks","'MICRO-01 write blob'","Bytes=4096; MultiByte=False","Publication",Supported,104.69734852130597,0.26773101622691331,0.96531790703821729,104.70236539840698,106.02506160736084,9551340.2595529854,0,0,0,0,13
"ViShap.Viper.Serialization.Benchmarks.Suites.Components.ValueTextBenchmarks","'MICRO-01 read blob'","Bytes=4096; MultiByte=False","Publication",Supported,214.75429852803549,0.73101876172603053,2.8312234899300841,215.17605781555176,219.62622404098511,4656484.2094159676,4376,0.69761276245117188,0,0,15
"ViShap.Viper.Serialization.Benchmarks.Suites.Components.ValueTextBenchmarks","'MICRO-01 write string'","Bytes=4096; MultiByte=True","Publication",Supported,1867.1858860896184,4.327066307868324,15.601459445351889,1866.0808563232422,1888.4412384033203,535565.31647433597,4120,0.6561279296875,0,0,13
"ViShap.Viper.Serialization.Benchmarks.Suites.Components.ValueTextBenchmarks","'MICRO-01 read string'","Bytes=4096; MultiByte=True","Publication",Supported,2966.983846028646,8.4770994627567937,32.831665043400903,2960.7818603515625,3012.5453567504883,337042.61697902926,7048,1.12152099609375,0,0,15
"ViShap.Viper.Serialization.Benchmarks.Suites.Components.ValueTextBenchmarks","'MICRO-01 write blob'","Bytes=4096; MultiByte=True","Publication",Supported,91.243441104888916,0.23541066798834848,0.91174159663843712,91.204440593719482,92.649085521697998,10959691.873637797,0,0,0,0,15
"ViShap.Viper.Serialization.Benchmarks.Suites.Components.ValueTextBenchmarks","'MICRO-01 read blob'","Bytes=4096; MultiByte=True","Publication",Supported,213.67991129557291,0.5423914434912338,2.1006730277669496,213.50722312927246,216.83352947235107,4679897.1131017981,4376,0.69761276245117188,0,0,15
"ViShap.Viper.Serialization.Benchmarks.Suites.Components.ValueTextBenchmarks","'MICRO-01 write string'","Bytes=65536; MultiByte=False","Publication",Supported,7536.8661608014791,19.157889221267261,71.682257719751519,7527.7347564697266,7661.6243743896484,132681.14076390324,65560,10.41412353515625,0,0,14
"ViShap.Viper.Serialization.Benchmarks.Suites.Components.ValueTextBenchmarks","'MICRO-01 read string'","Bytes=65536; MultiByte=False","Publication",Supported,50186.901041666664,136.84699355206524,530.00612700570241,50196.78955078125,50805.803833007812,19925.517998606254,196934,41.6259765625,41.6259765625,41.6259765625,15
"ViShap.Viper.Serialization.Benchmarks.Suites.Components.ValueTextBenchmarks","'MICRO-01 write blob'","Bytes=65536; MultiByte=False","Publication",Supported,1209.1154607137044,2.7153710566833102,10.516586881308097,1207.1887969970703,1226.0091209411621,827050.87519907334,0,0,0,0,15
"ViShap.Viper.Serialization.Benchmarks.Suites.Components.ValueTextBenchmarks","'MICRO-01 read blob'","Bytes=65536; MultiByte=False","Publication",Supported,4081.1553446451821,10.473462228549959,40.563544788306409,4078.4278869628906,4138.3860015869141,245028.65378846307,65912,10.41412353515625,0,0,15
"ViShap.Viper.Serialization.Benchmarks.Suites.Components.ValueTextBenchmarks","'MICRO-01 write string'","Bytes=65536; MultiByte=True","Publication",Supported,31598.755821814902,1042.9664867478425,3760.4691465598789,29875.628662109375,39065.003662109375,31646.815641697758,65560,10.406494140625,0,0,13
"ViShap.Viper.Serialization.Benchmarks.Suites.Components.ValueTextBenchmarks","'MICRO-01 read string'","Bytes=65536; MultiByte=True","Publication",Supported,51864.571126302086,907.20787838277113,3513.6010045246362,50647.03369140625,57450.224609375,19280.984654529802,109536,17.333984375,0,0,15
"ViShap.Viper.Serialization.Benchmarks.Suites.Components.ValueTextBenchmarks","'MICRO-01 write blob'","Bytes=65536; MultiByte=True","Publication",Supported,1234.7843442644391,5.170394944976576,19.345846438410252,1232.5614929199219,1268.6278915405273,809858.01662046486,0,0,0,0,14
"ViShap.Viper.Serialization.Benchmarks.Suites.Components.ValueTextBenchmarks","'MICRO-01 read blob'","Bytes=65536; MultiByte=True","Publication",Supported,4078.5788399832591,11.331958755695039,42.400307184863983,4085.1879119873047,4139.9368667602539,245183.44237869498,65912,10.41412353515625,0,0,14
"ViShap.Viper.Serialization.Benchmarks.Suites.Components.BudgetBenchmarks","'MICRO-02 validate collection count'","","Publication",Supported,1.2786652755737304,0.0030854761541379955,0.011949997760096566,1.2795866012573243,1.2983405303955078,782065501.50609601,0,0,0,0,15
"ViShap.Viper.Serialization.Benchmarks.Suites.Components.BudgetBenchmarks","'MICRO-02 validate array count'","","Publication",Supported,1.2655201594034831,0.001738327865121079,0.0067325148718622319,1.2645877838134765,1.2743138122558593,790188913.68064892,0,0,0,0,15
"ViShap.Viper.Serialization.Benchmarks.Suites.Components.BudgetBenchmarks","'MICRO-02 validate dictionary count'","","Publication",Supported,1.2623941167195638,0.0027662596943616785,0.0107136777275476,1.2678651809692383,1.2718053245544434,792145643.54797792,0,0,0,0,15
"ViShap.Viper.Serialization.Benchmarks.Suites.Components.BudgetBenchmarks","'MICRO-02 validate rank-3 shape'","","Publication",Supported,7.336145731608072,0.01861255577964839,0.072086118564934826,7.3351486206054686,7.4367716979980472,136311359.75004706,0,0,0,0,15
"ViShap.Viper.Serialization.Benchmarks.Suites.Components.BudgetBenchmarks","'MICRO-02 charge graph node'","","Publication",Supported,0.92022703806559247,0.0026093259541297019,0.010105875965171113,0.91858596801757808,0.93452512741088878,1086688348.2386022,0,0,0,0,15
"ViShap.Viper.Serialization.Benchmarks.Suites.Components.BudgetBenchmarks","'MICRO-02 charge keyed field'","","Publication",Supported,0.975905164082845,0.0027226435920349591,0.010544753289609738,0.9764533996582031,0.99184991836547853,1024689730.93282,0,0,0,0,15
"ViShap.Viper.Serialization.Benchmarks.Suites.Components.DepthScopeBenchmarks","'MICRO-03 enter and exit'","Depth=1","Publication",Supported,2.0037867991129561,0.0060984350457527299,0.023619137370127989,1.9996768951416015,2.0358219146728516,499055089.31523246,0,0,0,0,15
"ViShap.Viper.Serialization.Benchmarks.Suites.Components.DepthScopeBenchmarks","'MICRO-03 descend and return'","Depth=1","Publication",Supported,6.67104572057724,0.061297884494777771,0.23740568580602014,6.6047415137290955,7.0219434797763824,149901535.96391043,0,0,0,0,15
"ViShap.Viper.Serialization.Benchmarks.Suites.Components.DepthScopeBenchmarks","'MICRO-03 descend and unwind'","Depth=1","Publication",Supported,1944.8712158203125,7.0473612876192551,27.294312901656234,1949.7516632080078,1989.7661209106445,514172.8623806166,320,0.049591064453125,0,0,15
"ViShap.Viper.Serialization.Benchmarks.Suites.Components.DepthScopeBenchmarks","'MICRO-03 enter and exit'","Depth=8","Publication",Supported,1.9950127410888672,0.0068451479497016092,0.026511144011520178,2.0011314392089843,2.0307804870605466,501249931.59402353,0,0,0,0,15
"ViShap.Viper.Serialization.Benchmarks.Suites.Components.DepthScopeBenchmarks","'MICRO-03 descend and return'","Depth=8","Publication",Supported,26.129411856333416,0.096415440306176242,0.37341539462307594,26.154851913452148,26.658492982387543,38271048.942787953,0,0,0,0,15
"ViShap.Viper.Serialization.Benchmarks.Suites.Components.DepthScopeBenchmarks","'MICRO-03 descend and unwind'","Depth=8","Publication",Supported,3663.3352007184708,6.8743685642505516,25.72153191783465,3665.9784317016602,3697.1416854858398,272975.293061873,784,0.1220703125,0,0,14
"ViShap.Viper.Serialization.Benchmarks.Suites.Components.DepthScopeBenchmarks","'MICRO-03 enter and exit'","Depth=64","Publication",Supported,1.9948870849609377,0.0081846984171184724,0.031699200663230051,1.9980846405029298,2.0395895767211911,501281504.87253326,0,0,0,0,15
"ViShap.Viper.Serialization.Benchmarks.Suites.Components.DepthScopeBenchmarks","'MICRO-03 descend and return'","Depth=64","Publication",Supported,237.28375434875488,0.58944329940474294,2.125268039982473,237.13655471801758,240.26205062866211,4214363.5275182817,0,0,0,0,13
"ViShap.Viper.Serialization.Benchmarks.Suites.Components.DepthScopeBenchmarks","'MICRO-03 descend and unwind'","Depth=64","Publication",Supported,17550.844632662258,41.428208874088561,149.37153134615858,17561.996459960938,17746.409912109375,56977.31482044985,4488,0.701904296875,0,0,13
"ViShap.Viper.Serialization.Benchmarks.Suites.Components.DepthScopeBenchmarks","'MICRO-03 enter and exit'","Depth=500","Publication",Supported,2.0373438262939456,0.008066883768944124,0.031242906492911515,2.049967575073242,2.0841060638427731,490835168.36677581,0,0,0,0,15
"ViShap.Viper.Serialization.Benchmarks.Suites.Components.DepthScopeBenchmarks","'MICRO-03 descend and return'","Depth=500","Publication",Supported,1702.9758707682292,5.9090771843606902,22.885757526483168,1700.1598358154297,1732.8959083557129,587207.38042453304,0,0,0,0,15
"ViShap.Viper.Serialization.Benchmarks.Suites.Components.DepthScopeBenchmarks","'MICRO-03 descend and unwind'","Depth=500","Publication",Supported,126025.89029947917,490.88211464666927,1901.1782549776301,126366.064453125,128319.8583984375,7934.877489249784,16856,2.685546875,0,0,15
"ViShap.Viper.Serialization.Benchmarks.Suites.Components.ContractLookupBenchmarks","'MICRO-04 positional lookup'","","Publication",Supported,4.3124455261230459,0.017576683289767751,0.068074201662832692,4.3125274658203123,4.4093161773681633,231886987.08016264,0,0,0,0,15
"ViShap.Viper.Serialization.Benchmarks.Suites.Components.ContractLookupBenchmarks","'MICRO-04 keyed lookup'","","Publication",Supported,4.2878646850585938,0.017963854400675546,0.069573708927511205,4.283365631103516,4.3896619415283205,233216314.7509248,0,0,0,0,15
"ViShap.Viper.Serialization.Benchmarks.Suites.Components.ContractLookupBenchmarks","'MICRO-04 union lookup'","","Publication",Supported,9.9360555376325319,0.028877776836948352,0.10805074701557722,9.9351127624511726,10.096782989501953,100643559.83242324,0,0,0,0,14
"ViShap.Viper.Serialization.Benchmarks.Suites.Components.FormatterResolutionBenchmarks","'MICRO-05 resolve claimed sequence'","","Publication",Supported,4.2599635823567708,0.014378926360169957,0.05568934232928107,4.2803787231445316,4.3308351135253904,234743790.80178961,0,0,0,0,15
"ViShap.Viper.Serialization.Benchmarks.Suites.Components.FormatterResolutionBenchmarks","'MICRO-05 resolve claimed map'","","Publication",Supported,4.2425529479980471,0.017838101600943859,0.069086670428411434,4.2424072265625004,4.3513933563232428,235707134.89194629,0,0,0,0,15
"ViShap.Viper.Serialization.Benchmarks.Suites.Components.FormatterResolutionBenchmarks","'MICRO-05 resolve member-encoded'","","Publication",Supported,4.2154798889160157,0.017117093822851381,0.066294219311373248,4.2192642211914064,4.3113581848144529,237220915.8509694,0,0,0,0,15
"ViShap.Viper.Serialization.Benchmarks.Suites.Components.FormatterShapeBenchmarks","'MICRO-06 scalar write'","","Publication",Supported,9.0290318806966141,0.034185154898508048,0.13239853560944256,9.0443084716796882,9.2039219665527341,110753845.28632845,32,0.005096435546875,0,0,15
"ViShap.Viper.Serialization.Benchmarks.Suites.Components.FormatterShapeBenchmarks","'MICRO-06 scalar read'","","Publication",Supported,14.812888554164342,0.20651771861800985,0.77271854736677892,14.517796325683594,16.124257354736326,67508777.666383669,32,0.005096435546875,0,0,14
"ViShap.Viper.Serialization.Benchmarks.Suites.Components.FormatterShapeBenchmarks","'MICRO-06 sequence write'","","Publication",Supported,2244.7159322102866,8.7256805028820352,33.794415271988882,2245.5272674560547,2296.6305541992188,445490.66795072728,2520,0.400543212890625,0,0,15
"ViShap.Viper.Serialization.Benchmarks.Suites.Components.FormatterShapeBenchmarks","'MICRO-06 sequence read'","","Publication",Supported,2801.0574340820312,8.7341021528613556,33.827032182106379,2799.737548828125,2853.9677047729492,357008.03126435081,3008,0.476837158203125,0,0,15
"ViShap.Viper.Serialization.Benchmarks.Suites.Components.FormatterShapeBenchmarks","'MICRO-06 map write'","","Publication",Supported,5849.5084490094869,16.543274771396632,61.899266249827193,5852.5543212890625,5935.7484436035156,170954.53553355116,8160,1.2969970703125,0,0,14
"ViShap.Viper.Serialization.Benchmarks.Suites.Components.FormatterShapeBenchmarks","'MICRO-06 map read'","","Publication",Supported,16621.85791015625,76.577780454881847,296.58446839128521,16684.701538085938,17064.14306640625,60161.746382694218,19232,3.0517578125,0.06103515625,0,15
"ViShap.Viper.Serialization.Benchmarks.Suites.Components.FormatterShapeBenchmarks","'MICRO-06 composite write'","","Publication",Supported,129.69785588128227,0.37193810987149978,1.391664976223435,130.04879951477051,131.03752732276917,7710227.691931475,88,0.013828277587890625,0,0,14
"ViShap.Viper.Serialization.Benchmarks.Suites.Components.FormatterShapeBenchmarks","'MICRO-06 composite read'","","Publication",Supported,165.45878478458948,0.63218656446688892,2.3654255287567754,165.13298749923706,169.73066926002502,6043801.18772115,304,0.048398971557617188,0,0,14
"ViShap.Viper.Serialization.Benchmarks.Suites.Components.ReferenceIdentityBenchmarks","'MICRO-07 write lookup and register'","SharedPercent=0","Publication",Supported,21.792917683919274,0.050818317127672701,0.19681849591776351,21.790148925781249,22.11083038330078,45886467.085492074,102,0.0162353515625,0.00323486328125,0,15
"ViShap.Viper.Serialization.Benchmarks.Suites.Components.ReferenceIdentityBenchmarks","'MICRO-07 read register and resolve'","SharedPercent=0","Publication",Supported,19.17488586425781,0.070761765817997729,0.27405914056133446,19.161773681640625,19.538985290527343,52151549.014641628,102,0.0162353515625,0.00323486328125,0,15
"ViShap.Viper.Serialization.Benchmarks.Suites.Components.ReferenceIdentityBenchmarks","'MICRO-07 table construction'","SharedPercent=0","Publication",Supported,0.014884709318478901,4.5253024495889206E-05,0.00015676107524607817,0.014927592873573304,0.015032174587249756,67183038553.432236,0,2.8043985366821289E-05,0,0,12
"ViShap.Viper.Serialization.Benchmarks.Suites.Components.ReferenceIdentityBenchmarks","'MICRO-07 write lookup and register'","SharedPercent=10","Publication",Supported,16.597292277018227,0.079452199119193392,0.30771704400819161,16.544924926757812,17.105985717773436,60250791.714059889,48,0.007659912109375,0.000823974609375,0,15
"ViShap.Viper.Serialization.Benchmarks.Suites.Components.ReferenceIdentityBenchmarks","'MICRO-07 read register and resolve'","SharedPercent=10","Publication",Supported,14.174236958821613,0.054323420390115347,0.21039370247994116,14.174485778808593,14.486080017089844,70550534.953321099,48,0.007659912109375,0.0008392333984375,0,15
"ViShap.Viper.Serialization.Benchmarks.Suites.Components.ReferenceIdentityBenchmarks","'MICRO-07 table construction'","SharedPercent=10","Publication",Supported,0.014928316871325172,7.4693432723312936E-05,0.00028928642100845513,0.014874872565269471,0.015352280139923097,66986788170.395462,0,2.8043985366821289E-05,0,0,15
"ViShap.Viper.Serialization.Benchmarks.Suites.Components.ReferenceIdentityBenchmarks","'MICRO-07 write lookup and register'","SharedPercent=50","Publication",Supported,12.139227294921877,0.027556642977597724,0.10310751675182078,12.150825500488281,12.310958709716797,82377566.191410169,48,0.007659912109375,0.000946044921875,0,14
"ViShap.Viper.Serialization.Benchmarks.Suites.Components.ReferenceIdentityBenchmarks","'MICRO-07 read register and resolve'","SharedPercent=50","Publication",Supported,10.298733927408854,0.027320117973525872,0.10581036192788763,10.277430725097656,10.440843048095704,97099314.05632484,48,0.007659912109375,0.000946044921875,0,15
"ViShap.Viper.Serialization.Benchmarks.Suites.Components.ReferenceIdentityBenchmarks","'MICRO-07 table construction'","SharedPercent=50","Publication",Supported,0.01494457849434444,4.8385497291252067E-05,0.00018104195335254383,0.014968809485435487,0.015244282782077789,66913897931.509781,0,2.8043985366821289E-05,0,0,14
"ViShap.Viper.Serialization.Benchmarks.Suites.Components.ReferenceIdentityBenchmarks","'MICRO-07 write lookup and register'","SharedPercent=90","Publication",Supported,7.3653848375592901,0.018836214947393348,0.070478662796776045,7.3747695922851566,7.4645785522460937,135770230.89147583,10,0.0016326904296875,3.814697265625E-05,0,14
"ViShap.Viper.Serialization.Benchmarks.Suites.Components.ReferenceIdentityBenchmarks","'MICRO-07 read register and resolve'","SharedPercent=90","Publication",Supported,4.7970844014485676,0.015513253499981098,0.060082572450920718,4.7939102172851564,4.8766198730468746,208459955.3216182,10,0.0016326904296875,3.814697265625E-05,0,15
"ViShap.Viper.Serialization.Benchmarks.Suites.Components.ReferenceIdentityBenchmarks","'MICRO-07 table construction'","SharedPercent=90","Publication",Supported,0.015405931643077306,8.2584763255671631E-05,0.00030900388947056092,0.015433077514171601,0.015795436650514603,64910063420.238045,0,2.8043985366821289E-05,0,0,14
"ViShap.Viper.Serialization.Benchmarks.Suites.Components.ReferenceScopeBenchmarks","'MICRO-07 write scope enter and exit'","","Publication",Supported,8.1664365495954225,0.05647623904244177,0.2113147369903631,8.1672401428222656,8.5000150299072263,122452430.00749715,80,0.0127410888671875,0,0,14
"ViShap.Viper.Serialization.Benchmarks.Suites.Components.ReferenceScopeBenchmarks","'MICRO-07 read scope enter and exit'","","Publication",Supported,7.5182494099934889,0.039937843021708122,0.15467860090652166,7.5245895385742188,7.7820359802246095,133009686.89210671,80,0.0127410888671875,0,0,15
"ViShap.Viper.Serialization.Benchmarks.Suites.Components.HeaderBenchmarks","'MICRO-08 write header'","AllFields=False","Publication",Supported,90.708353122075394,0.5131160778953352,1.9872900243599008,90.23163914680481,93.760712146759033,11024343.024442291,0,0,0,0,15
"ViShap.Viper.Serialization.Benchmarks.Suites.Components.HeaderBenchmarks","'MICRO-08 parse header'","AllFields=False","Publication",Supported,121.6466760635376,0.37869750690635812,1.4666891374985933,121.67239189147949,123.52807998657227,8220528.7670802232,72,0.011444091796875,0,0,15
"ViShap.Viper.Serialization.Benchmarks.Suites.Components.HeaderBenchmarks","'MICRO-08 build associated data'","AllFields=False","Publication",Supported,84.194441025073715,0.48978211562904678,1.7659345317057606,84.71982479095459,86.07081413269043,11877268.71067643,240,0.03814697265625,0,0,13
"ViShap.Viper.Serialization.Benchmarks.Suites.Components.HeaderBenchmarks","'MICRO-08 write header'","AllFields=True","Publication",Supported,232.3222017288208,0.98557779669399959,3.8171263929876598,231.53717517852783,237.44928359985352,4304366.9204170797,192,0.030517578125,0,0,15
"ViShap.Viper.Serialization.Benchmarks.Suites.Components.HeaderBenchmarks","'MICRO-08 parse header'","AllFields=True","Publication",Supported,404.69886779785156,1.2804193672240478,4.9590428854201765,406.36401176452637,411.23993873596191,2470973.0606399998,1312,0.20885467529296875,0,0,15
"ViShap.Viper.Serialization.Benchmarks.Suites.Components.HeaderBenchmarks","'MICRO-08 build associated data'","AllFields=True","Publication",Supported,125.01104559217181,0.43202673646934159,1.6164960297943509,124.87847805023193,127.66361832618713,7999293.1445620991,608,0.096797943115234375,0,0,14
"ViShap.Viper.Serialization.Benchmarks.Suites.Components.StreamMechanismBenchmarks","'MICRO-09 bare write'","","Publication",Supported,5.8138250158383293,0.012495970573070447,0.045054862637894627,5.8267682790756226,5.8589349687099457,172003800.81542653,0,0,0,0,13
"ViShap.Viper.Serialization.Benchmarks.Suites.Components.StreamMechanismBenchmarks","'MICRO-09 metered write'","","Publication",Supported,9.5060285925865173,0.029032634494165297,0.11244290989242919,9.5141127705574036,9.7004410624504089,105196401.44780037,0,0,0,0,15
"ViShap.Viper.Serialization.Benchmarks.Suites.Components.StreamMechanismBenchmarks","'MICRO-09 bare read'","","Publication",Supported,4.9089357753594713,0.014191806550915308,0.05496463042429231,4.9113959074020386,4.971187561750412,203710141.21217996,0,0,0,0,15
"ViShap.Viper.Serialization.Benchmarks.Suites.Components.StreamMechanismBenchmarks","'MICRO-09 metered read'","","Publication",Supported,7.7650396029154463,0.026387667345698661,0.10219899617515218,7.7904179692268372,7.9440741240978241,128782343.83048633,0,0,0,0,15
"ViShap.Viper.Serialization.Benchmarks.Suites.Components.StreamMechanismBenchmarks","'MICRO-09 window read'","","Publication",Supported,7.7924270715032309,0.019744159020697667,0.073875878445432766,7.8078493475914001,7.8914981335401535,128329722.02678449,0,2.9802322387695312E-05,0,0,14
"ViShap.Viper.Serialization.Benchmarks.Suites.Components.StreamMechanismBenchmarks","'MICRO-09 window construction'","","Publication",Supported,0.020004570833407342,9.9901436093927996E-05,0.0003869165982539877,0.020080310059711337,0.020549881155602634,49988575527.449684,0,3.4866388887166977E-05,0,0,15
"ViShap.Viper.Serialization.Benchmarks.Suites.Components.CompressionPrimitiveBenchmarks","'MICRO-10 deflate compress'","Bytes=4096; Compressible=False","Publication",Supported,67668.5546875,152.47539813081795,590.53467766700339,67618.3837890625,68647.943115234375,14777.912792996654,4392,0.6103515625,0,0,15
"ViShap.Viper.Serialization.Benchmarks.Suites.Components.CompressionPrimitiveBenchmarks","'MICRO-10 deflate decompress'","Bytes=4096; Compressible=False","Publication",Supported,1012.7705510457357,3.71398818656907,14.384214394593094,1014.7565841674805,1032.8366470336914,987390.47947973059,4440,0.7076263427734375,0.011444091796875,0,15
"ViShap.Viper.Serialization.Benchmarks.Suites.Components.CompressionPrimitiveBenchmarks","'MICRO-10 brotli compress'","Bytes=4096; Compressible=False","Publication",Supported,49743.582356770836,161.70479591401667,626.27998157685579,49503.857421875,50978.802490234375,20103.095768772779,0,0,0,0,15
"ViShap.Viper.Serialization.Benchmarks.Suites.Components.CompressionPrimitiveBenchmarks","'MICRO-10 brotli decompress'","Bytes=4096; Compressible=False","Publication",Supported,448.28338305155438,1.141017639066445,4.4191423138332473,447.9555606842041,455.91747760772705,2230731.8044956308,0,0,0,0,15
"ViShap.Viper.Serialization.Benchmarks.Suites.Components.CompressionPrimitiveBenchmarks","'MICRO-10 deflate compress'","Bytes=4096; Compressible=True","Publication",Supported,6453.9202880859375,20.876959480941441,80.856116389133234,6427.9190063476562,6565.1352691650391,154944.58489765041,544,0.08392333984375,0,0,15
"ViShap.Viper.Serialization.Benchmarks.Suites.Components.CompressionPrimitiveBenchmarks","'MICRO-10 deflate decompress'","Bytes=4096; Compressible=True","Publication",Supported,2467.4980926513672,4.7026726307934412,18.21337278172842,2468.0068969726562,2490.9450531005859,405268.80364291737,424,0.064849853515625,0,0,15
"ViShap.Viper.Serialization.Benchmarks.Suites.Components.CompressionPrimitiveBenchmarks","'MICRO-10 brotli compress'","Bytes=4096; Compressible=True","Publication",Supported,14491.599731445312,66.318134606440282,256.84903088228498,14456.097412109375,14926.300048828125,69005.49411602231,0,0,0,0,15
"ViShap.Viper.Serialization.Benchmarks.Suites.Components.CompressionPrimitiveBenchmarks","'MICRO-10 brotli decompress'","Bytes=4096; Compressible=True","Publication",Supported,4580.7243892124725,13.544406118823309,50.678527203961401,4564.7293090820312,4659.7452163696289,218306.08328127814,0,0,0,0,14
"ViShap.Viper.Serialization.Benchmarks.Suites.Components.CompressionPrimitiveBenchmarks","'MICRO-10 deflate compress'","Bytes=65536; Compressible=False","Publication",Supported,1336764.2122395833,4214.2206151475057,16321.606259710266,1333112.98828125,1365634.78515625,748.07508373120163,254364,41.015625,41.015625,41.015625,15
"ViShap.Viper.Serialization.Benchmarks.Suites.Components.CompressionPrimitiveBenchmarks","'MICRO-10 deflate decompress'","Bytes=65536; Compressible=False","Publication",Supported,8145.9323120117188,16.397140521392711,63.505852164776776,8163.5833740234375,8236.6278076171875,122760.6566930876,65896,10.406494140625,0,0,15
"ViShap.Viper.Serialization.Benchmarks.Suites.Components.CompressionPrimitiveBenchmarks","'MICRO-10 brotli compress'","Bytes=65536; Compressible=False","Publication",Supported,130183.3984375,267.28782723999507,1000.0994731872846,130267.1875,131510.65795898438,7681.4710016968247,0,0,0,0,14
"ViShap.Viper.Serialization.Benchmarks.Suites.Components.CompressionPrimitiveBenchmarks","'MICRO-10 brotli decompress'","Bytes=65536; Compressible=False","Publication",Supported,2782.0555005754745,5.2245211156293081,19.548368024650834,2779.5204162597656,2812.4004554748535,359446.45956672961,0,0,0,0,14
"ViShap.Viper.Serialization.Benchmarks.Suites.Components.CompressionPrimitiveBenchmarks","'MICRO-10 deflate compress'","Bytes=65536; Compressible=True","Publication",Supported,17080.641174316406,37.592229701616532,140.65724394835624,17075.395202636719,17298.515777587891,58545.811588365126,776,0.1220703125,0,0,14
"ViShap.Viper.Serialization.Benchmarks.Suites.Components.CompressionPrimitiveBenchmarks","'MICRO-10 deflate decompress'","Bytes=65536; Compressible=True","Publication",Supported,5536.6551208496094,14.09490466718557,54.58933104239091,5518.9109802246094,5621.5666198730469,180614.46454092092,824,0.12969970703125,0,0,15
"ViShap.Viper.Serialization.Benchmarks.Suites.Components.CompressionPrimitiveBenchmarks","'MICRO-10 brotli compress'","Bytes=65536; Compressible=True","Publication",Supported,83645.80514090402,145.76326219729964,545.39618672079303,83612.12158203125,84453.032836914062,11955.172148985454,0,0,0,0,14
"ViShap.Viper.Serialization.Benchmarks.Suites.Components.CompressionPrimitiveBenchmarks","'MICRO-10 brotli decompress'","Bytes=65536; Compressible=True","Publication",Supported,51334.514911358172,118.24507053554009,426.33866488674596,51289.788818359375,51900.831298828125,19480.071093040406,0,0,0,0,13
"ViShap.Viper.Serialization.Benchmarks.Suites.Components.CompressionPrimitiveBenchmarks","'MICRO-10 deflate compress'","Bytes=1000000; Compressible=False","Publication",Supported,20806359.166666668,29060.542086292993,112550.99553197251,20764418.75,20976578.125,48.062229051686963,2089598,281.25,281.25,281.25,15
"ViShap.Viper.Serialization.Benchmarks.Suites.Components.CompressionPrimitiveBenchmarks","'MICRO-10 deflate decompress'","Bytes=1000000; Compressible=False","Publication",Supported,195469.3603515625,1862.4560778499274,7213.261372555553,198594.04296875,200342.47314453125,5115.8912997998486,1001032,165.283203125,165.0390625,165.0390625,15
"ViShap.Viper.Serialization.Benchmarks.Suites.Components.CompressionPrimitiveBenchmarks","'MICRO-10 brotli compress'","Bytes=1000000; Compressible=False","Publication",Supported,1442049.0885416667,3125.2411616782601,12104.006972061823,1440495.5078125,1459589.19921875,693.45766933030859,0,0,0,0,15
"ViShap.Viper.Serialization.Benchmarks.Suites.Components.CompressionPrimitiveBenchmarks","'MICRO-10 brotli decompress'","Bytes=1000000; Compressible=False","Publication",Supported,245027.82854352679,597.92837618467786,2237.2431255131478,244777.7099609375,248859.84619140625,4081.1690898299735,0,0,0,0,14
"ViShap.Viper.Serialization.Benchmarks.Suites.Components.CompressionPrimitiveBenchmarks","'MICRO-10 deflate compress'","Bytes=1000000; Compressible=True","Publication",Supported,229418.80754743304,647.31512719300315,2422.0314272322134,229247.1923828125,232447.4169921875,4358.8405444625414,6656,0.9765625,0,0,14
"ViShap.Viper.Serialization.Benchmarks.Suites.Components.CompressionPrimitiveBenchmarks","'MICRO-10 deflate decompress'","Bytes=1000000; Compressible=True","Publication",Supported,39305.232340494789,99.451671658407136,385.17466808549904,39292.7734375,39785.805053710938,25441.905325407159,6704,1.03759765625,0,0,15
"ViShap.Viper.Serialization.Benchmarks.Suites.Components.CompressionPrimitiveBenchmarks","'MICRO-10 brotli compress'","Bytes=1000000; Compressible=True","Publication",Supported,1049097.1223958333,3732.1773815719171,14454.660843920039,1053080.46875,1067636.09375,953.20059377943039,0,0,0,0,15
"ViShap.Viper.Serialization.Benchmarks.Suites.Components.CompressionPrimitiveBenchmarks","'MICRO-10 brotli decompress'","Bytes=1000000; Compressible=True","Publication",Supported,926798.48958333337,3055.067590414676,11832.225899214063,923261.81640625,945606.240234375,1078.9831999505916,0,0,0,0,15
"ViShap.Viper.Serialization.Benchmarks.Suites.Components.ProtectionPrimitiveBenchmarks","'MICRO-10 crc32 compute'","Bytes=4096","Publication",Supported,119.56459840138753,0.406849563478559,1.5757215837642164,119.65646743774414,121.99196815490723,8363679.6624609847,0,0,0,0,15
"ViShap.Viper.Serialization.Benchmarks.Suites.Components.ProtectionPrimitiveBenchmarks","'MICRO-10 aes-256-gcm encrypt'","Bytes=4096","Publication",Supported,1262.8858157566615,2.7133240768942488,10.152329075022951,1265.8178329467773,1276.4946460723877,791837.22512620606,72,0.011444091796875,0,0,14
"ViShap.Viper.Serialization.Benchmarks.Suites.Components.ProtectionPrimitiveBenchmarks","'MICRO-10 aes-256-gcm decrypt'","Bytes=4096","Publication",Supported,1232.3450088500977,4.2745919017021192,16.5554232471254,1234.7707748413086,1253.9167022705078,811461.07041330985,40,0.0057220458984375,0,0,15
"ViShap.Viper.Serialization.Benchmarks.Suites.Components.ProtectionPrimitiveBenchmarks","'MICRO-10 crc32 compute'","Bytes=65536","Publication",Supported,1883.8157360370342,2.5241974803847742,9.1011234449243101,1882.0755004882812,1899.0421676635742,530837.48100739985,0,0,0,0,13
"ViShap.Viper.Serialization.Benchmarks.Suites.Components.ProtectionPrimitiveBenchmarks","'MICRO-10 aes-256-gcm encrypt'","Bytes=65536","Publication",Supported,8112.3915536063059,19.524393545453407,73.053591331627203,8130.3421020507812,8190.6291961669922,123268.21177109692,72,0,0,0,14
"ViShap.Viper.Serialization.Benchmarks.Suites.Components.ProtectionPrimitiveBenchmarks","'MICRO-10 aes-256-gcm decrypt'","Bytes=65536","Publication",Supported,9546.7992146809902,36.699914728031843,142.13815854889964,9555.3665161132812,9759.7859191894531,104747.14901955916,40,0,0,0,15
"ViShap.Viper.Serialization.Benchmarks.Suites.Components.ProtectionPrimitiveBenchmarks","'MICRO-10 crc32 compute'","Bytes=1000000","Publication",Supported,28778.42793782552,101.62771390277862,393.6024434585936,28588.092041015625,29353.40576171875,34748.249701493573,0,0,0,0,15
"ViShap.Viper.Serialization.Benchmarks.Suites.Components.ProtectionPrimitiveBenchmarks","'MICRO-10 aes-256-gcm encrypt'","Bytes=1000000","Publication",Supported,115766.91632952009,310.54205253869537,1161.9419647853508,116011.5234375,117597.2998046875,8638.0464445782618,40,0,0,0,14
"ViShap.Viper.Serialization.Benchmarks.Suites.Components.ProtectionPrimitiveBenchmarks","'MICRO-10 aes-256-gcm decrypt'","Bytes=1000000","Publication",Supported,123565.73016826923,713.43122592019608,2572.3128665724003,123569.970703125,127336.259765625,8092.8587452056554,40,0,0,0,13
