kind,type,members,samples,mean_us,median_us,p95_us,min_us,max_us,allocated_bytes_median
first-in-process,FirstInProcess,1,1,651.800,651.800,651.800,651.800,651.800,15360
generic,ColdShape<T>,8,200,1650.715,1568.500,1853.200,1472.400,6517.300,94064
generic,ColdKeyedShape<T>,8,200,1699.193,1571.500,1828.600,1500.300,13151.100,99296
positional,TinyFlat,12,1,0.300,0.300,0.300,0.300,0.300,40
positional,Address,7,1,0.200,0.200,0.200,0.200,0.200,40
positional,Measurement,5,1,0.200,0.200,0.200,0.200,0.200,40
positional,ScalarRecord,5,1,0.200,0.200,0.200,0.200,0.200,40
positional,DeepNode,4,1,0.300,0.300,0.300,0.300,0.300,40
positional,DagNode,4,1,0.300,0.300,0.300,0.300,0.300,40
positional,TextEvent,4,1,0.200,0.200,0.200,0.200,0.200,40
positional,BatchEvent,4,1,0.300,0.300,0.300,0.300,0.300,40
positional,BlobEnvelope,3,1,0.300,0.300,0.300,0.300,0.300,40
positional,NumericArrays,3,1,0.300,0.300,0.300,0.300,0.300,40
positional,NullSparse,21,1,0.200,0.200,0.200,0.200,0.200,40
positional,CollectionZoo,15,1,0.200,0.200,0.200,0.200,0.200,40
positional,TimeAndNumerics,21,1,0.300,0.300,0.300,0.300,0.300,40
positional,MediumObject,34,1,0.200,0.200,0.200,0.200,0.200,40
positional,WideObject,200,1,0.300,0.300,0.300,0.300,0.300,40
keyed,KeyedLine,4,1,0.200,0.200,0.200,0.200,0.200,40
keyed,KeyedOrder,8,1,0.400,0.400,0.400,0.400,0.400,40
keyed,KeyedOrderV2,6,1,1321.900,1321.900,1321.900,1321.900,1321.900,74432
positional,WidePositional005,5,1,941.100,941.100,941.100,941.100,941.100,59424
positional,WidePositional020,20,1,3516.100,3516.100,3516.100,3516.100,3516.100,229936
positional,WidePositional050,50,1,9034.000,9034.000,9034.000,9034.000,9034.000,568600
positional,WidePositional100,100,1,19520.900,19520.900,19520.900,19520.900,19520.900,1136968
keyed,WideKeyed005,5,1,987.300,987.300,987.300,987.300,987.300,62416
keyed,WideKeyed020,20,1,3664.100,3664.100,3664.100,3664.100,3664.100,243280
keyed,WideKeyed050,50,1,9566.300,9566.300,9566.300,9566.300,9566.300,602272
keyed,WideKeyed100,100,1,18425.500,18425.500,18425.500,18425.500,18425.500,1204008
keyed,WideKeyed200,200,1,41190.800,41190.800,41190.800,41190.800,41190.800,2412880
