profile,dataset,state,bytes,envelope_bytes,reference_framing_bytes,compression_ratio
B-P0,DATA-01,Supported,120,29,0,1.0000
B-P0,DATA-02,Supported,1058,29,0,1.0000
B-P0,DATA-03,Supported,21761,29,0,1.0000
B-P0,DATA-04,Supported,1739393,29,0,1.0000
B-P0,DATA-05,Supported,540107,29,0,1.0000
B-P0,DATA-06/5,Supported,136,29,0,1.0000
B-P0,DATA-06/10,Supported,243,29,0,1.0000
B-P0,DATA-06/25,Supported,584,29,0,1.0000
B-P0,DATA-06/50,Supported,1110,29,0,1.0000
B-P0,DATA-06/200,Supported,4490,29,0,1.0000
B-P0,DATA-06/511,Supported,11299,29,0,1.0000
B-P0,DATA-07/unicode,Supported,113760,29,0,1.0000
B-P0,DATA-07/ascii,Supported,84748,29,0,1.0000
B-P0,DATA-08,Supported,900066,29,0,1.0000
B-P0,DATA-09,Supported,360034,29,0,1.0000
B-P0,DATA-10,Partial,28269,29,0,1.0000
B-P0,DATA-11,Unsupported,0,0,0,1.0000
B-P0,DATA-12,Supported,109667,29,0,1.0000
B-P0,DATA-13,Supported,18659,29,0,1.0000
B-P0,DATA-14/blob,Supported,900061,29,0,1.0000
B-P0,DATA-14/batch,Supported,3600181,29,0,1.0000
B-P0,DATA-15,Supported,2000045,29,0,1.0000
B-P0,DATA-16,Supported,700799,29,0,1.0000
B-P0,DATA-17,Supported,19915,29,0,1.0000
B-P0,DATA-18,Supported,1879,29,0,1.0000
B-P0,DATA-19,Supported,18733,29,0,1.0000
B-P0,DATA-20,Supported,33657,29,0,1.0000
B-P1,DATA-01,Supported,125,0,5,1.0000
B-P1,DATA-02,Supported,1123,0,65,1.0000
B-P1,DATA-03,Supported,23016,0,1255,1.0000
B-P1,DATA-04,Supported,1839398,0,100005,1.0000
B-P1,DATA-05,Supported,600112,0,60005,1.0000
B-P1,DATA-06/5,Supported,161,0,25,1.0000
B-P1,DATA-06/10,Supported,293,0,50,1.0000
B-P1,DATA-06/25,Supported,709,0,125,1.0000
B-P1,DATA-06/50,Supported,1360,0,250,1.0000
B-P1,DATA-06/200,Supported,5490,0,1000,1.0000
B-P1,DATA-06/511,Supported,13854,0,2555,1.0000
B-P1,DATA-07/unicode,Supported,113765,0,5,1.0000
B-P1,DATA-07/ascii,Supported,84753,0,5,1.0000
B-P1,DATA-08,Supported,900076,0,10,1.0000
B-P1,DATA-09,Supported,360039,0,5,1.0000
B-P1,DATA-10,Supported,7200,0,-21069,1.0000
B-P1,DATA-11,Supported,7829,0,0,1.0000
B-P1,DATA-12,Supported,121247,0,11580,1.0000
B-P1,DATA-13,Supported,20184,0,1525,1.0000
B-P1,DATA-14/blob,Supported,900071,0,10,1.0000
B-P1,DATA-14/batch,Supported,3600226,0,45,1.0000
B-P1,DATA-15,Supported,2000065,0,20,1.0000
B-P1,DATA-16,Supported,700804,0,5,1.0000
B-P1,DATA-17,Supported,22420,0,2505,1.0000
B-P1,DATA-18,Supported,1884,0,5,1.0000
B-P1,DATA-19,Supported,18798,0,65,1.0000
B-P1,DATA-20,Supported,34162,0,505,1.0000
B-P2,DATA-01,Supported,120,0,0,1.0000
B-P2,DATA-02,Supported,1058,0,0,1.0000
B-P2,DATA-03,Supported,21761,0,0,1.0000
B-P2,DATA-04,Supported,1739393,0,0,1.0000
B-P2,DATA-05,Supported,540107,0,0,1.0000
B-P2,DATA-06/5,Supported,136,0,0,1.0000
B-P2,DATA-06/10,Supported,243,0,0,1.0000
B-P2,DATA-06/25,Supported,584,0,0,1.0000
B-P2,DATA-06/50,Supported,1110,0,0,1.0000
B-P2,DATA-06/200,Supported,4490,0,0,1.0000
B-P2,DATA-06/511,Supported,11299,0,0,1.0000
B-P2,DATA-07/unicode,Supported,113760,0,0,1.0000
B-P2,DATA-07/ascii,Supported,84748,0,0,1.0000
B-P2,DATA-08,Supported,900066,0,0,1.0000
B-P2,DATA-09,Supported,360034,0,0,1.0000
B-P2,DATA-10,Partial,28269,0,0,1.0000
B-P2,DATA-11,Unsupported,0,0,0,1.0000
B-P2,DATA-12,Supported,109667,0,0,1.0000
B-P2,DATA-13,Supported,18659,0,0,1.0000
B-P2,DATA-14/blob,Supported,900061,0,0,1.0000
B-P2,DATA-14/batch,Supported,3600181,0,0,1.0000
B-P2,DATA-15,Supported,2000045,0,0,1.0000
B-P2,DATA-16,Supported,700799,0,0,1.0000
B-P2,DATA-17,Supported,19915,0,0,1.0000
B-P2,DATA-18,Supported,1879,0,0,1.0000
B-P2,DATA-19,Supported,18733,0,0,1.0000
B-P2,DATA-20,Supported,33657,0,0,1.0000
B-P3d,DATA-01,Supported,114,0,0,0.9500
B-P3d,DATA-02,Supported,951,0,0,0.8989
B-P3d,DATA-03,Supported,18078,0,0,0.8308
B-P3d,DATA-04,Supported,1438464,0,0,0.8270
B-P3d,DATA-05,Supported,381385,0,0,0.7061
B-P3d,DATA-06/5,Supported,141,0,0,1.0368
B-P3d,DATA-06/10,Supported,243,0,0,1.0000
B-P3d,DATA-06/25,Supported,565,0,0,0.9675
B-P3d,DATA-06/50,Supported,1013,0,0,0.9126
B-P3d,DATA-06/200,Supported,3869,0,0,0.8617
B-P3d,DATA-06/511,Supported,9607,0,0,0.8503
B-P3d,DATA-07/unicode,Supported,10151,0,0,0.0892
B-P3d,DATA-07/ascii,Supported,65753,0,0,0.7759
B-P3d,DATA-08,Supported,900341,0,0,1.0003
B-P3d,DATA-09,Supported,2217,0,0,0.0062
B-P3d,DATA-10,Partial,1818,0,0,0.0643
B-P3d,DATA-11,Unsupported,0,0,0,1.0000
B-P3d,DATA-12,Supported,89867,0,0,0.8195
B-P3d,DATA-13,Supported,8293,0,0,0.4445
B-P3d,DATA-14/blob,Supported,7096,0,0,0.0079
B-P3d,DATA-14/batch,Supported,27287,0,0,0.0076
B-P3d,DATA-15,Supported,1959540,0,0,0.9797
B-P3d,DATA-16,Supported,546355,0,0,0.7796
B-P3d,DATA-17,Supported,9569,0,0,0.4805
B-P3d,DATA-18,Supported,1645,0,0,0.8755
B-P3d,DATA-19,Supported,12368,0,0,0.6602
B-P3d,DATA-20,Supported,24400,0,0,0.7250
B-P3b,DATA-01,Supported,124,0,0,1.0333
B-P3b,DATA-02,Supported,932,0,0,0.8809
B-P3b,DATA-03,Supported,18403,0,0,0.8457
B-P3b,DATA-04,Supported,1449859,0,0,0.8335
B-P3b,DATA-05,Supported,372315,0,0,0.6893
B-P3b,DATA-06/5,Supported,140,0,0,1.0294
B-P3b,DATA-06/10,Supported,233,0,0,0.9588
B-P3b,DATA-06/25,Supported,525,0,0,0.8990
B-P3b,DATA-06/50,Supported,972,0,0,0.8757
B-P3b,DATA-06/200,Supported,3826,0,0,0.8521
B-P3b,DATA-06/511,Supported,9588,0,0,0.8486
B-P3b,DATA-07/unicode,Supported,12375,0,0,0.1088
B-P3b,DATA-07/ascii,Supported,65590,0,0,0.7739
B-P3b,DATA-08,Supported,900071,0,0,1.0000
B-P3b,DATA-09,Supported,106,0,0,0.0003
B-P3b,DATA-10,Partial,1497,0,0,0.0530
B-P3b,DATA-11,Unsupported,0,0,0,1.0000
B-P3b,DATA-12,Supported,91589,0,0,0.8352
B-P3b,DATA-13,Supported,8324,0,0,0.4461
B-P3b,DATA-14/blob,Supported,331,0,0,0.0004
B-P3b,DATA-14/batch,Supported,459,0,0,0.0001
B-P3b,DATA-15,Supported,1959137,0,0,0.9795
B-P3b,DATA-16,Supported,547034,0,0,0.7806
B-P3b,DATA-17,Supported,9482,0,0,0.4761
B-P3b,DATA-18,Supported,1635,0,0,0.8701
B-P3b,DATA-19,Supported,11681,0,0,0.6236
B-P3b,DATA-20,Supported,24451,0,0,0.7265
B-P4,DATA-01,Supported,124,0,0,1.0000
B-P4,DATA-02,Supported,1062,0,0,1.0000
B-P4,DATA-03,Supported,21765,0,0,1.0000
B-P4,DATA-04,Supported,1739397,0,0,1.0000
B-P4,DATA-05,Supported,540111,0,0,1.0000
B-P4,DATA-06/5,Supported,140,0,0,1.0000
B-P4,DATA-06/10,Supported,247,0,0,1.0000
B-P4,DATA-06/25,Supported,588,0,0,1.0000
B-P4,DATA-06/50,Supported,1114,0,0,1.0000
B-P4,DATA-06/200,Supported,4494,0,0,1.0000
B-P4,DATA-06/511,Supported,11303,0,0,1.0000
B-P4,DATA-07/unicode,Supported,113764,0,0,1.0000
B-P4,DATA-07/ascii,Supported,84752,0,0,1.0000
B-P4,DATA-08,Supported,900070,0,0,1.0000
B-P4,DATA-09,Supported,360038,0,0,1.0000
B-P4,DATA-10,Partial,28273,0,0,1.0000
B-P4,DATA-11,Unsupported,0,0,0,1.0000
B-P4,DATA-12,Supported,109671,0,0,1.0000
B-P4,DATA-13,Supported,18663,0,0,1.0000
B-P4,DATA-14/blob,Supported,900065,0,0,1.0000
B-P4,DATA-14/batch,Supported,3600185,0,0,1.0000
B-P4,DATA-15,Supported,2000049,0,0,1.0000
B-P4,DATA-16,Supported,700803,0,0,1.0000
B-P4,DATA-17,Supported,19919,0,0,1.0000
B-P4,DATA-18,Supported,1883,0,0,1.0000
B-P4,DATA-19,Supported,18737,0,0,1.0000
B-P4,DATA-20,Supported,33661,0,0,1.0000
B-P5,DATA-01,Supported,154,0,0,1.0000
B-P5,DATA-02,Supported,1092,0,0,1.0000
B-P5,DATA-03,Supported,21795,0,0,1.0000
B-P5,DATA-04,Supported,1739427,0,0,1.0000
B-P5,DATA-05,Supported,540141,0,0,1.0000
B-P5,DATA-06/5,Supported,170,0,0,1.0000
B-P5,DATA-06/10,Supported,277,0,0,1.0000
B-P5,DATA-06/25,Supported,618,0,0,1.0000
B-P5,DATA-06/50,Supported,1144,0,0,1.0000
B-P5,DATA-06/200,Supported,4524,0,0,1.0000
B-P5,DATA-06/511,Supported,11333,0,0,1.0000
B-P5,DATA-07/unicode,Supported,113794,0,0,1.0000
B-P5,DATA-07/ascii,Supported,84782,0,0,1.0000
B-P5,DATA-08,Supported,900100,0,0,1.0000
B-P5,DATA-09,Supported,360068,0,0,1.0000
B-P5,DATA-10,Partial,28303,0,0,1.0000
B-P5,DATA-11,Unsupported,0,0,0,1.0000
B-P5,DATA-12,Supported,109701,0,0,1.0000
B-P5,DATA-13,Supported,18693,0,0,1.0000
B-P5,DATA-14/blob,Supported,900095,0,0,1.0000
B-P5,DATA-14/batch,Supported,3600215,0,0,1.0000
B-P5,DATA-15,Supported,2000079,0,0,1.0000
B-P5,DATA-16,Supported,700833,0,0,1.0000
B-P5,DATA-17,Supported,19949,0,0,1.0000
B-P5,DATA-18,Supported,1913,0,0,1.0000
B-P5,DATA-19,Supported,18767,0,0,1.0000
B-P5,DATA-20,Supported,33691,0,0,1.0000
B-P6b,DATA-01,Supported,162,0,0,1.3500
B-P6b,DATA-02,Supported,970,0,0,0.9168
B-P6b,DATA-03,Supported,18441,0,0,0.8474
B-P6b,DATA-04,Supported,1449897,0,0,0.8336
B-P6b,DATA-05,Supported,372353,0,0,0.6894
B-P6b,DATA-06/5,Supported,178,0,0,1.3088
B-P6b,DATA-06/10,Supported,271,0,0,1.1152
B-P6b,DATA-06/25,Supported,563,0,0,0.9640
B-P6b,DATA-06/50,Supported,1010,0,0,0.9099
B-P6b,DATA-06/200,Supported,3864,0,0,0.8606
B-P6b,DATA-06/511,Supported,9626,0,0,0.8519
B-P6b,DATA-07/unicode,Supported,12413,0,0,0.1091
B-P6b,DATA-07/ascii,Supported,65628,0,0,0.7744
B-P6b,DATA-08,Supported,900109,0,0,1.0000
B-P6b,DATA-09,Supported,144,0,0,0.0004
B-P6b,DATA-10,Partial,1535,0,0,0.0543
B-P6b,DATA-11,Unsupported,0,0,0,1.0000
B-P6b,DATA-12,Supported,91627,0,0,0.8355
B-P6b,DATA-13,Supported,8362,0,0,0.4481
B-P6b,DATA-14/blob,Supported,369,0,0,0.0004
B-P6b,DATA-14/batch,Supported,497,0,0,0.0001
B-P6b,DATA-15,Supported,1959175,0,0,0.9796
B-P6b,DATA-16,Supported,547072,0,0,0.7806
B-P6b,DATA-17,Supported,9520,0,0,0.4780
B-P6b,DATA-18,Supported,1673,0,0,0.8904
B-P6b,DATA-19,Supported,11719,0,0,0.6256
B-P6b,DATA-20,Supported,24489,0,0,0.7276
B-P6d,DATA-01,Supported,152,0,0,1.2667
B-P6d,DATA-02,Supported,989,0,0,0.9348
B-P6d,DATA-03,Supported,18116,0,0,0.8325
B-P6d,DATA-04,Supported,1438502,0,0,0.8270
B-P6d,DATA-05,Supported,381423,0,0,0.7062
B-P6d,DATA-06/5,Supported,179,0,0,1.3162
B-P6d,DATA-06/10,Supported,281,0,0,1.1564
B-P6d,DATA-06/25,Supported,603,0,0,1.0325
B-P6d,DATA-06/50,Supported,1051,0,0,0.9468
B-P6d,DATA-06/200,Supported,3907,0,0,0.8702
B-P6d,DATA-06/511,Supported,9645,0,0,0.8536
B-P6d,DATA-07/unicode,Supported,10189,0,0,0.0896
B-P6d,DATA-07/ascii,Supported,65791,0,0,0.7763
B-P6d,DATA-08,Supported,900379,0,0,1.0003
B-P6d,DATA-09,Supported,2255,0,0,0.0063
B-P6d,DATA-10,Partial,1856,0,0,0.0657
B-P6d,DATA-11,Unsupported,0,0,0,1.0000
B-P6d,DATA-12,Supported,89905,0,0,0.8198
B-P6d,DATA-13,Supported,8331,0,0,0.4465
B-P6d,DATA-14/blob,Supported,7134,0,0,0.0079
B-P6d,DATA-14/batch,Supported,27325,0,0,0.0076
B-P6d,DATA-15,Supported,1959578,0,0,0.9798
B-P6d,DATA-16,Supported,546393,0,0,0.7797
B-P6d,DATA-17,Supported,9607,0,0,0.4824
B-P6d,DATA-18,Supported,1683,0,0,0.8957
B-P6d,DATA-19,Supported,12406,0,0,0.6623
B-P6d,DATA-20,Supported,24438,0,0,0.7261
B-P7,DATA-01,Supported,91,0,0,1.0000
B-P7,DATA-02,Supported,1029,0,0,1.0000
B-P7,DATA-03,Supported,21732,0,0,1.0000
B-P7,DATA-04,Supported,1739364,0,0,1.0000
B-P7,DATA-05,Supported,540078,0,0,1.0000
B-P7,DATA-06/5,Supported,107,0,0,1.0000
B-P7,DATA-06/10,Supported,214,0,0,1.0000
B-P7,DATA-06/25,Supported,555,0,0,1.0000
B-P7,DATA-06/50,Supported,1081,0,0,1.0000
B-P7,DATA-06/200,Supported,4461,0,0,1.0000
B-P7,DATA-06/511,Supported,11270,0,0,1.0000
B-P7,DATA-07/unicode,Supported,113731,0,0,1.0000
B-P7,DATA-07/ascii,Supported,84719,0,0,1.0000
B-P7,DATA-08,Supported,900037,0,0,1.0000
B-P7,DATA-09,Supported,360005,0,0,1.0000
B-P7,DATA-10,Partial,28240,0,0,1.0000
B-P7,DATA-11,Unsupported,0,0,0,1.0000
B-P7,DATA-12,Supported,109638,0,0,1.0000
B-P7,DATA-13,Supported,18630,0,0,1.0000
B-P7,DATA-14/blob,Supported,900032,0,0,1.0000
B-P7,DATA-14/batch,Supported,3600152,0,0,1.0000
B-P7,DATA-15,Supported,2000016,0,0,1.0000
B-P7,DATA-16,Supported,700770,0,0,1.0000
B-P7,DATA-17,Supported,19886,0,0,1.0000
B-P7,DATA-18,Supported,1850,0,0,1.0000
B-P7,DATA-19,Supported,18704,0,0,1.0000
B-P7,DATA-20,Supported,33628,0,0,1.0000
