profile,dataset,elapsed_s,operations,ops_per_second,managed_heap_bytes,working_set_bytes,gen0,gen1,gen2
B-P0,DATA-02,10.0,836642,83664.1,53026592,161214464,8838,1650,390
B-P0,DATA-02,20.0,1668374,83173.1,54579632,161214464,10745,1651,390
B-P0,DATA-02,30.0,2485766,81739.0,48476560,161185792,12620,1652,390
B-P0,DATA-02,40.0,3311336,82556.8,51307976,161185792,14513,1653,390
B-P0,DATA-02,50.0,4133524,82218.6,53572472,161185792,16398,1654,390
B-P0,DATA-02,60.0,4917318,78379.4,49300064,161185792,18196,1655,390
B-P0,DATA-02,70.0,5718824,80149.7,48899520,161185792,20034,1656,390
B-P0,DATA-02,80.0,6504010,78518.4,52123512,161185792,21834,1657,390
B-P0,DATA-02,90.0,7276574,77256.2,49415648,161185792,23606,1658,390
B-P0,DATA-02,100.0,8025428,74885.3,50679608,161185792,25323,1659,390
B-P0,DATA-02,110.0,8777502,75207.3,52108144,161206272,27048,1660,391
B-P0,DATA-02,120.0,9550650,77314.8,53764192,161206272,28821,1661,391
B-P0,DATA-02,130.0,10370676,82002.5,50014944,161181696,30702,1662,391
B-P0,DATA-02,140.0,11195272,82459.6,49279120,161181696,32593,1663,391
B-P0,DATA-02,150.0,12023556,82828.3,51424328,161181696,34492,1664,391
B-P0,DATA-02,160.0,12840550,81699.4,54273664,161181696,36365,1665,391
B-P0,DATA-02,170.0,13663574,82302.4,49744112,161185792,38253,1666,391
B-P0,DATA-02,180.0,14480792,81721.7,49529208,161193984,40127,1667,391
B-P0,DATA-02,190.0,15278282,79749.0,54099312,161193984,41955,1668,391
B-P0,DATA-02,200.0,16060394,78211.2,50738968,161193984,43749,1669,391
B-P0,DATA-02,210.0,16846348,78595.4,52269128,156200960,45552,1670,392
B-P0,DATA-02,220.0,17645690,79934.1,50163560,156200960,47385,1671,392
B-P0,DATA-02,230.0,18456014,81032.2,51151504,156180480,49243,1672,392
B-P0,DATA-02,240.0,19265030,80901.5,54236040,156180480,51098,1673,392
B-P0,DATA-02,250.0,20063230,79819.9,50181232,156180480,52929,1674,392
B-P0,DATA-02,260.0,20859210,79597.9,51848368,156180480,54754,1675,392
B-P0,DATA-02,270.0,21637258,77804.6,52769984,156180480,56538,1676,392
B-P0,DATA-02,280.0,22440542,80328.3,52839880,154341376,58380,1677,392
B-P0,DATA-02,290.0,23229630,78908.7,49455744,154341376,60190,1678,392
B-P0,DATA-02,300.0,24034484,80485.3,53298632,154341376,62035,1679,392
B-P0,DATA-02,310.0,24816388,78190.2,53060424,154365952,63829,1680,393
B-P0,DATA-02,320.0,25629558,81317.0,51225624,154365952,65694,1681,393
B-P0,DATA-02,330.0,26436414,80685.5,52508960,154341376,67544,1682,393
B-P0,DATA-02,340.0,27247916,81150.1,51624424,154341376,69405,1683,393
B-P0,DATA-02,350.0,28071986,82406.8,49603184,154341376,71295,1684,393
B-P0,DATA-02,360.0,28889034,81704.7,53226288,154341376,73168,1685,393
B-P0,DATA-02,370.0,29715338,82630.4,51971784,154341376,75063,1686,393
B-P0,DATA-02,380.0,30541174,82583.5,50261872,154341376,76957,1687,393
B-P0,DATA-02,390.0,31349648,80847.2,49720176,154341376,78811,1688,393
B-P0,DATA-02,400.0,32168598,81894.9,49333640,154341376,80689,1689,393
B-P0,DATA-02,410.0,32980912,81231.4,51601680,154304512,82552,1690,394
B-P0,DATA-02,420.0,33789678,80876.5,51243104,154304512,84407,1691,394
B-P0,DATA-02,430.0,34616980,82730.2,51817288,154279936,86304,1692,394
B-P0,DATA-02,440.0,35427236,81025.4,49710784,154279936,88162,1693,394
B-P0,DATA-02,450.0,36230316,80307.9,48954104,154279936,90004,1694,394
B-P0,DATA-02,460.0,37025632,79531.5,53615216,154279936,91827,1695,394
B-P0,DATA-02,470.0,37842218,81658.5,50588624,154279936,93700,1696,394
B-P0,DATA-02,480.0,38654670,81245.2,50818936,154279936,95563,1697,394
B-P0,DATA-02,490.0,39452694,79802.2,50520160,154279936,97393,1698,394
B-P0,DATA-02,500.0,40260608,80791.4,54476944,154279936,99245,1699,394
B-P0,DATA-02,510.0,41063166,80255.7,48116624,154300416,101087,1700,395
B-P0,DATA-02,520.0,41868644,80547.7,50634288,154300416,102934,1701,395
B-P0,DATA-02,530.0,42691916,82327.0,49684864,154279936,104822,1702,395
B-P0,DATA-02,540.0,43504910,81299.4,51452032,154279936,106686,1703,395
B-P0,DATA-02,550.0,44287994,78308.3,49519880,154279936,108482,1704,395
B-P0,DATA-02,560.0,45070888,78289.4,51141624,154279936,110277,1705,395
B-P0,DATA-02,570.0,45887388,81650.0,53146136,154279936,112149,1706,395
B-P0,DATA-02,580.0,46684630,79724.1,54133368,150130688,113977,1707,395
B-P0,DATA-02,590.0,47489966,80533.5,52366656,150130688,115824,1708,395
B-P0,DATA-03,10.0,69816,6981.6,52013848,150204416,119852,1710,396
B-P0,DATA-03,20.0,137582,6776.5,50291688,150204416,121970,1711,396
B-P0,DATA-03,30.0,206596,6901.2,54622696,150179840,124126,1712,396
B-P0,DATA-03,40.0,276180,6958.4,51472872,150179840,126301,1713,396
B-P0,DATA-03,50.0,345014,6883.3,51866600,150179840,128452,1714,396
B-P0,DATA-03,60.0,414760,6974.5,49109224,150179840,130632,1715,396
B-P0,DATA-03,70.0,483966,6920.5,53441512,150179840,132794,1716,396
B-P0,DATA-03,80.0,552464,6849.6,50685416,150179840,134935,1717,396
B-P0,DATA-03,90.0,622116,6965.1,54622696,150179840,137111,1718,396
B-P0,DATA-03,100.0,690860,6874.2,49897960,150179840,139260,1719,396
B-P0,DATA-03,110.0,760056,6919.5,52040288,150208512,141423,1720,397
B-P0,DATA-03,120.0,829940,6988.4,51405824,150208512,143607,1721,397
B-P0,DATA-03,130.0,899788,6984.7,49830912,150183936,145790,1722,397
B-P0,DATA-03,140.0,968884,6909.5,51405824,150183936,147949,1723,397
B-P0,DATA-03,150.0,1036616,6773.1,49050408,150183936,150066,1724,397
B-P0,DATA-03,160.0,1105952,6933.5,53768192,150183936,152232,1725,397
B-P0,DATA-03,170.0,1175096,6914.2,52193280,150183936,154393,1726,397
B-P0,DATA-03,180.0,1243538,6844.1,51012096,150183936,156532,1727,397
B-P0,DATA-03,190.0,1313044,6950.4,51405824,150183936,158704,1728,397
B-P0,DATA-03,200.0,1383102,7005.7,53374464,150183936,160893,1729,397
B-P0,DATA-03,210.0,1452116,6901.3,51275480,150208512,163051,1730,398
B-P0,DATA-03,220.0,1523008,7089.1,53812736,150208512,165266,1731,398
B-P0,DATA-03,230.0,1594032,7102.4,50662936,150183936,167486,1732,398
B-P0,DATA-03,240.0,1665364,7133.1,51450392,150183936,169715,1733,398
B-P0,DATA-03,250.0,1736434,7107.0,51056664,150183936,171936,1734,398
B-P0,DATA-03,260.0,1807242,7080.7,49481752,150183936,174149,1735,398
B-P0,DATA-03,270.0,1877654,7041.2,51844120,150183936,176349,1736,398
B-P0,DATA-03,280.0,1947154,6950.0,51056664,148295680,178521,1737,398
B-P0,DATA-03,290.0,2017050,6989.6,52631576,148295680,180705,1738,398
B-P0,DATA-03,300.0,2086914,6986.4,54206464,148295680,182888,1739,398
B-P0,DATA-03,310.0,2156752,6983.8,50539304,148320256,185072,1740,399
B-P0,DATA-03,320.0,2226370,6961.8,54303600,148320256,187247,1741,399
B-P0,DATA-03,330.0,2296256,6988.4,53909872,148295680,189431,1742,399
B-P0,DATA-03,340.0,2366544,7028.8,50760072,148295680,191628,1743,399
B-P0,DATA-03,350.0,2435444,6889.9,51547528,148295680,193781,1744,399
B-P0,DATA-03,360.0,2506128,7068.4,50760072,148295680,195990,1745,399
B-P0,DATA-03,370.0,2576848,7072.0,50718264,148295680,198200,1746,399
B-P0,DATA-03,380.0,2647246,7039.7,50324536,148295680,200400,1747,399
B-P0,DATA-03,390.0,2717446,7020.0,55049248,148295680,202593,1748,399
B-P0,DATA-03,400.0,2788384,7093.7,53868064,148295680,204810,1749,399
B-P0,DATA-03,410.0,2859646,7126.1,53308784,148316160,207038,1750,400
B-P0,DATA-03,420.0,2930098,7045.2,51111992,148316160,209240,1751,400
B-P0,DATA-03,430.0,3001484,7138.5,49930808,148295680,211471,1752,400
B-P0,DATA-03,440.0,3072704,7121.9,53868064,148295680,213696,1753,400
B-P0,DATA-03,450.0,3143856,7115.2,50718264,148295680,215920,1754,400
B-P0,DATA-03,460.0,3214958,7110.1,50324536,148295680,218142,1755,400
B-P0,DATA-03,470.0,3285352,7039.2,49150304,148295680,220342,1756,400
B-P0,DATA-03,480.0,3355932,7057.9,53084608,148295680,222547,1757,400
B-P0,DATA-03,490.0,3426394,7046.1,52686904,148295680,224749,1758,400
B-P0,DATA-03,500.0,3496792,7039.7,52293176,148295680,226949,1759,400
B-P0,DATA-03,510.0,3567324,7053.1,52916168,148316160,229154,1760,401
B-P0,DATA-03,520.0,3637998,7067.4,50324536,148316160,231363,1761,401
B-P0,DATA-03,530.0,3708396,7039.6,49930808,148295680,233563,1762,401
B-P0,DATA-03,540.0,3777528,6913.0,52293176,148295680,235723,1763,401
B-P0,DATA-03,550.0,3847068,6953.9,53084608,148295680,237896,1764,401
B-P0,DATA-03,560.0,3916498,6943.0,51111992,148295680,240066,1765,401
B-P0,DATA-03,570.0,3986344,6984.5,49150304,148295680,242249,1766,401
B-P0,DATA-03,580.0,4056012,6966.8,49930808,148172800,244426,1767,401
B-P0,DATA-03,590.0,4126628,7061.5,54655520,148172800,246632,1768,401
B-P6b,DATA-02,10.0,297378,29737.6,50899784,148983808,249611,1770,402
B-P6b,DATA-02,20.0,596860,29948.0,48839624,148983808,250399,1771,402
B-P6b,DATA-02,30.0,893286,29642.5,52695408,148959232,251178,1772,402
B-P6b,DATA-02,40.0,1187626,29434.0,53494920,148959232,251952,1773,402
B-P6b,DATA-02,50.0,1481394,29376.6,49033496,148959232,252725,1774,402
B-P6b,DATA-02,60.0,1776462,29506.6,51399280,148959232,253501,1775,402
B-P6b,DATA-02,70.0,2069140,29267.7,49857840,148959232,254271,1776,402
B-P6b,DATA-02,80.0,2364324,29518.3,52041664,148959232,255047,1777,402
B-P6b,DATA-02,90.0,2662084,29776.0,52810328,148959232,255830,1778,402
B-P6b,DATA-02,100.0,2961006,29892.1,53937576,148959232,256616,1779,402
B-P6b,DATA-02,110.0,3257308,29630.1,47369000,148983808,257397,1780,403
B-P6b,DATA-02,120.0,3550320,29301.2,53733800,148983808,258167,1781,403
B-P6b,DATA-02,130.0,3848128,29780.7,49013256,148959232,258951,1782,403
B-P6b,DATA-02,140.0,4141252,29312.3,54853816,148959232,259721,1783,403
B-P6b,DATA-02,150.0,4433630,29237.8,54646328,148959232,260490,1784,403
B-P6b,DATA-02,160.0,4723886,29025.5,48955584,148959232,261254,1785,403
B-P6b,DATA-02,170.0,5018154,29426.6,48567984,148959232,262028,1786,403
B-P6b,DATA-02,180.0,5314862,29670.7,52901408,148959232,262808,1787,403
B-P6b,DATA-02,190.0,5614434,29957.2,52463448,148959232,263596,1788,403
B-P6b,DATA-02,200.0,5915990,30155.5,53411016,148959232,264389,1789,403
B-P6b,DATA-02,210.0,6215874,29988.3,51597776,148979712,265179,1790,404
B-P6b,DATA-02,220.0,6515382,29950.6,49968384,148979712,265967,1791,404
B-P6b,DATA-02,230.0,6795884,28050.2,54573984,148959232,266704,1792,404
B-P6b,DATA-02,240.0,7088256,29237.1,54408576,148959232,267473,1793,404
B-P6b,DATA-02,250.0,7376568,28831.1,49977064,148959232,268232,1794,404
B-P6b,DATA-02,260.0,7674662,29809.2,50130048,148959232,269016,1795,404
B-P6b,DATA-02,270.0,7972430,29776.6,48933736,148959232,269799,1796,404
B-P6b,DATA-02,280.0,8265824,29339.3,49038512,148848640,270571,1797,404
B-P6b,DATA-02,290.0,8564042,29821.6,51091512,148848640,271355,1798,404
B-P6b,DATA-02,300.0,8860984,29694.1,50906432,148848640,272136,1799,404
B-P6b,DATA-02,310.0,9155022,29403.8,53026232,148873216,272910,1800,405
B-P6b,DATA-02,320.0,9452370,29734.7,53674184,148873216,273692,1801,405
B-P6b,DATA-02,330.0,9747720,29534.9,52586472,148848640,274469,1802,405
B-P6b,DATA-02,340.0,10040748,29302.8,50556880,148848640,275240,1803,405
B-P6b,DATA-02,350.0,10333818,29306.9,49214568,148848640,276011,1804,405
B-P6b,DATA-02,360.0,10621268,28744.9,49257960,148848640,276767,1805,405
B-P6b,DATA-02,370.0,10913318,29204.8,49912088,148848640,277535,1806,405
B-P6b,DATA-02,380.0,11199844,28652.5,53545216,148848640,278288,1807,405
B-P6b,DATA-02,390.0,11489472,28962.7,51868936,148848640,279050,1808,405
B-P6b,DATA-02,400.0,11781156,29168.3,52761384,148848640,279817,1809,405
B-P6b,DATA-02,410.0,12069552,28839.5,49601792,148873216,280577,1810,406
B-P6b,DATA-02,420.0,12341356,27180.3,48843184,148873216,281292,1811,406
B-P6b,DATA-02,430.0,12635298,29394.1,49616472,148848640,282065,1812,406
B-P6b,DATA-02,440.0,12934856,29955.6,54967472,148848640,282852,1813,406
B-P6b,DATA-02,450.0,13235180,30032.3,54121736,148848640,283642,1814,406
B-P6b,DATA-02,460.0,13537950,30276.9,49708672,148848640,284439,1815,406
B-P6b,DATA-02,470.0,13839866,30191.6,50041048,148848640,285233,1816,406
B-P6b,DATA-02,480.0,14142668,30280.0,52451768,148848640,286029,1817,406
B-P6b,DATA-02,490.0,14443054,30038.6,52625864,148848640,286819,1818,406
B-P6b,DATA-02,500.0,14736708,29365.4,54671904,148848640,287591,1819,406
B-P6b,DATA-02,510.0,15036728,30002.0,46711080,148873216,288382,1820,407
B-P6b,DATA-02,520.0,15316796,28006.7,52661632,148873216,289118,1821,407
B-P6b,DATA-02,530.0,15610812,29401.5,54399704,148848640,289891,1822,407
B-P6b,DATA-02,540.0,15896888,28607.5,50569248,148848640,290644,1823,407
B-P6b,DATA-02,550.0,16190430,29354.0,50759376,148848640,291416,1824,407
B-P6b,DATA-02,560.0,16479134,28870.4,52666248,148848640,292175,1825,407
B-P6b,DATA-02,570.0,16780802,30166.8,48900440,148848640,292969,1826,407
B-P6b,DATA-02,580.0,17080536,29973.2,50874296,143273984,293757,1827,407
B-P6b,DATA-02,590.0,17380632,30009.5,52823912,143273984,294546,1828,407
B-P6b,DATA-03,10.0,22940,2293.9,54646328,142979072,296178,1830,408
B-P6b,DATA-03,20.0,44586,2164.5,50911592,143163392,296973,1832,408
B-P6b,DATA-03,30.0,68252,2366.6,53949688,143142912,297841,1833,408
B-P6b,DATA-03,40.0,91326,2307.4,52281632,143142912,298688,1834,408
B-P6b,DATA-03,50.0,114626,2329.9,52613248,143142912,299543,1835,408
B-P6b,DATA-03,60.0,138046,2342.0,55420176,143142912,300402,1836,408
B-P6b,DATA-03,70.0,161692,2364.5,50797352,143142912,301270,1972,408
B-P6b,DATA-03,80.0,185270,2357.6,49920936,143142912,302135,2108,408
B-P6b,DATA-03,90.0,208540,2326.9,53158760,143142912,302988,2243,408
B-P6b,DATA-03,100.0,232002,2346.1,50392600,143142912,303849,2379,408
B-P6b,DATA-03,110.0,256102,2409.9,50604968,142610432,304734,2519,409
B-P6b,DATA-03,120.0,280476,2437.3,50466416,143167488,305628,2661,409
B-P6b,DATA-03,130.0,304838,2436.2,54182328,143142912,306521,2802,409
B-P6b,DATA-03,140.0,329228,2438.8,51815208,143142912,307416,2943,409
B-P6b,DATA-03,150.0,353546,2431.8,51613392,143142912,308308,3084,409
B-P6b,DATA-03,160.0,377556,2400.8,49625792,143142912,309189,3223,409
B-P6b,DATA-03,170.0,401886,2432.9,52153040,143142912,310081,3364,409
B-P6b,DATA-03,180.0,426200,2431.4,51017984,143142912,310973,3505,409
B-P6b,DATA-03,190.0,450518,2431.7,51114792,143142912,311865,3645,409
B-P6b,DATA-03,200.0,474780,2426.1,50430792,143142912,312755,3786,409
B-P6b,DATA-03,210.0,498868,2408.8,53960560,143167488,313639,3926,410
B-P6b,DATA-03,220.0,523158,2429.0,53568264,143167488,314530,4067,410
B-P6b,DATA-03,230.0,547344,2418.5,54361480,143142912,315417,4207,410
B-P6b,DATA-03,240.0,571602,2425.8,52813312,143142912,316307,4348,410
B-P6b,DATA-03,250.0,595842,2423.9,53594152,143142912,317196,4488,410
B-P6b,DATA-03,260.0,620024,2418.1,53568264,143142912,318083,4628,410
B-P6b,DATA-03,270.0,644208,2418.2,53900008,143142912,318970,4768,410
B-P6b,DATA-03,280.0,668346,2413.8,49902400,141729792,319856,4908,410
B-P6b,DATA-03,290.0,692630,2428.2,54702208,141729792,320746,5048,410
B-P6b,DATA-03,300.0,716630,2400.0,50044480,141729792,321627,5188,410
B-P6b,DATA-03,310.0,740414,2378.4,52697496,141750272,322500,5326,411
B-P6b,DATA-03,320.0,763408,2299.4,49067040,141750272,323344,5459,411
B-P6b,DATA-03,330.0,788216,2480.6,54759464,141172736,324253,5603,411
B-P6b,DATA-03,340.0,809166,2094.9,53836520,141754368,325022,5725,411
B-P6b,DATA-03,350.0,830982,2181.5,49067040,141717504,325823,5851,411
B-P6b,DATA-03,360.0,854262,2327.9,54554320,141717504,326676,5986,411
B-P6b,DATA-03,370.0,877292,2303.0,52735008,141717504,327521,6120,411
B-P6b,DATA-03,380.0,900942,2364.9,49433056,141717504,328389,6257,411
B-P6b,DATA-03,390.0,924636,2369.2,49944080,141717504,329258,6394,411
B-P6b,DATA-03,400.0,947118,2248.1,54021584,141717504,330082,6524,411
B-P6b,DATA-03,410.0,969572,2245.3,51510152,141783040,330907,6655,412
B-P6b,DATA-03,420.0,991366,2179.3,54226784,141783040,331706,6782,412
B-P6b,DATA-03,430.0,1013306,2194.0,51252776,141758464,332512,6909,412
B-P6b,DATA-03,440.0,1037310,2400.4,54092584,141758464,333392,7048,412
B-P6b,DATA-03,450.0,1060038,2272.7,51812064,141758464,334226,7180,412
B-P6b,DATA-03,460.0,1083472,2343.4,49210024,141758464,335086,7315,412
B-P6b,DATA-03,470.0,1107224,2375.0,50400832,141758464,335957,7453,412
B-P6b,DATA-03,480.0,1130834,2360.9,50348832,141758464,336823,7590,412
B-P6b,DATA-03,490.0,1153756,2292.2,49160920,141758464,337664,7722,412
B-P6b,DATA-03,500.0,1176962,2320.5,50044928,141758464,338515,7857,412
B-P6b,DATA-03,510.0,1200848,2388.5,50995520,141234176,339392,7996,413
B-P6b,DATA-03,520.0,1223086,2223.6,48947896,141791232,340208,8125,413
B-P6b,DATA-03,530.0,1243470,2038.4,50392416,141762560,340956,8243,413
B-P6b,DATA-03,540.0,1267556,2408.5,53118264,141762560,341839,8383,413
B-P6b,DATA-03,550.0,1288828,2127.1,54659624,141762560,342619,8506,413
B-P6b,DATA-03,560.0,1309858,2103.0,50737328,141205504,343391,8628,413
B-P6b,DATA-03,570.0,1331010,2115.2,49933888,141762560,344167,8750,413
B-P6b,DATA-03,580.0,1350884,1987.3,49716760,140996608,344896,8865,413
B-P6b,DATA-03,590.0,1374192,2330.7,49262016,140996608,345751,9000,413
