adapter,dataset,state,buffered_bytes,streamed_bytes,detail
"Viper B-P0","DATA-01",Supported,120,120,""
"Viper B-P0","DATA-02",Supported,1058,1058,""
"Viper B-P0","DATA-03",Supported,21761,21761,""
"Viper B-P0","DATA-04",Supported,1739393,1739393,""
"Viper B-P0","DATA-05",Supported,540107,540107,""
"Viper B-P0","DATA-06/5",Supported,136,136,""
"Viper B-P0","DATA-06/10",Supported,243,243,""
"Viper B-P0","DATA-06/25",Supported,584,584,""
"Viper B-P0","DATA-06/50",Supported,1110,1110,""
"Viper B-P0","DATA-06/200",Supported,4490,4490,""
"Viper B-P0","DATA-06/511",Supported,11299,11299,""
"Viper B-P0","DATA-07/unicode",Supported,113760,113760,""
"Viper B-P0","DATA-07/ascii",Supported,84748,84748,""
"Viper B-P0","DATA-08",Supported,900066,900066,""
"Viper B-P0","DATA-09",Supported,360034,360034,""
"Viper B-P0","DATA-10",Partial,28269,28269,"contents restored, identity not: the shared node was restored as two instances"
"Viper B-P0","DATA-11",Unsupported,0,0,"the value contains a cycle, which needs PreserveReferences (§16)"
"Viper B-P0","DATA-12",Supported,109667,109667,""
"Viper B-P0","DATA-13",Supported,18659,18659,""
"Viper B-P0","DATA-14/blob",Supported,900061,900061,""
"Viper B-P0","DATA-14/batch",Supported,3600181,3600181,""
"Viper B-P0","DATA-15",Supported,2000045,2000045,""
"Viper B-P0","DATA-16",Supported,700799,700799,""
"Viper B-P0","DATA-17",Supported,19915,19915,""
"Viper B-P0","DATA-18",Supported,1879,1879,""
"Viper B-P0","DATA-19",Supported,18733,18733,""
"Viper B-P0","DATA-20",Supported,33657,33657,""
"Viper B-P1","DATA-01",Supported,125,125,""
"Viper B-P1","DATA-02",Supported,1123,1123,""
"Viper B-P1","DATA-03",Supported,23016,23016,""
"Viper B-P1","DATA-04",Supported,1839398,1839398,""
"Viper B-P1","DATA-05",Supported,600112,600112,""
"Viper B-P1","DATA-06/5",Supported,161,161,""
"Viper B-P1","DATA-06/10",Supported,293,293,""
"Viper B-P1","DATA-06/25",Supported,709,709,""
"Viper B-P1","DATA-06/50",Supported,1360,1360,""
"Viper B-P1","DATA-06/200",Supported,5490,5490,""
"Viper B-P1","DATA-06/511",Supported,13854,13854,""
"Viper B-P1","DATA-07/unicode",Supported,113765,113765,""
"Viper B-P1","DATA-07/ascii",Supported,84753,84753,""
"Viper B-P1","DATA-08",Supported,900076,900076,""
"Viper B-P1","DATA-09",Supported,360039,360039,""
"Viper B-P1","DATA-10",Supported,7200,7200,""
"Viper B-P1","DATA-11",Supported,7829,7829,""
"Viper B-P1","DATA-12",Supported,121247,121247,""
"Viper B-P1","DATA-13",Supported,20184,20184,""
"Viper B-P1","DATA-14/blob",Supported,900071,900071,""
"Viper B-P1","DATA-14/batch",Supported,3600226,3600226,""
"Viper B-P1","DATA-15",Supported,2000065,2000065,""
"Viper B-P1","DATA-16",Supported,700804,700804,""
"Viper B-P1","DATA-17",Supported,22420,22420,""
"Viper B-P1","DATA-18",Supported,1884,1884,""
"Viper B-P1","DATA-19",Supported,18798,18798,""
"Viper B-P1","DATA-20",Supported,34162,34162,""
"Viper B-P2","DATA-01",Supported,120,120,""
"Viper B-P2","DATA-02",Supported,1058,1058,""
"Viper B-P2","DATA-03",Supported,21761,21761,""
"Viper B-P2","DATA-04",Supported,1739393,1739393,""
"Viper B-P2","DATA-05",Supported,540107,540107,""
"Viper B-P2","DATA-06/5",Supported,136,136,""
"Viper B-P2","DATA-06/10",Supported,243,243,""
"Viper B-P2","DATA-06/25",Supported,584,584,""
"Viper B-P2","DATA-06/50",Supported,1110,1110,""
"Viper B-P2","DATA-06/200",Supported,4490,4490,""
"Viper B-P2","DATA-06/511",Supported,11299,11299,""
"Viper B-P2","DATA-07/unicode",Supported,113760,113760,""
"Viper B-P2","DATA-07/ascii",Supported,84748,84748,""
"Viper B-P2","DATA-08",Supported,900066,900066,""
"Viper B-P2","DATA-09",Supported,360034,360034,""
"Viper B-P2","DATA-10",Partial,28269,28269,"contents restored, identity not: the shared node was restored as two instances"
"Viper B-P2","DATA-11",Unsupported,0,0,"the value contains a cycle, which needs PreserveReferences (§16)"
"Viper B-P2","DATA-12",Supported,109667,109667,""
"Viper B-P2","DATA-13",Supported,18659,18659,""
"Viper B-P2","DATA-14/blob",Supported,900061,900061,""
"Viper B-P2","DATA-14/batch",Supported,3600181,3600181,""
"Viper B-P2","DATA-15",Supported,2000045,2000045,""
"Viper B-P2","DATA-16",Supported,700799,700799,""
"Viper B-P2","DATA-17",Supported,19915,19915,""
"Viper B-P2","DATA-18",Supported,1879,1879,""
"Viper B-P2","DATA-19",Supported,18733,18733,""
"Viper B-P2","DATA-20",Supported,33657,33657,""
"Viper B-P3d","DATA-01",Supported,114,114,""
"Viper B-P3d","DATA-02",Supported,951,951,""
"Viper B-P3d","DATA-03",Supported,18078,18078,""
"Viper B-P3d","DATA-04",Supported,1438464,1438464,""
"Viper B-P3d","DATA-05",Supported,381385,381385,""
"Viper B-P3d","DATA-06/5",Supported,141,141,""
"Viper B-P3d","DATA-06/10",Supported,243,243,""
"Viper B-P3d","DATA-06/25",Supported,565,565,""
"Viper B-P3d","DATA-06/50",Supported,1013,1013,""
"Viper B-P3d","DATA-06/200",Supported,3869,3869,""
"Viper B-P3d","DATA-06/511",Supported,9607,9607,""
"Viper B-P3d","DATA-07/unicode",Supported,10151,10151,""
"Viper B-P3d","DATA-07/ascii",Supported,65753,65753,""
"Viper B-P3d","DATA-08",Supported,900341,900341,""
"Viper B-P3d","DATA-09",Supported,2217,2217,""
"Viper B-P3d","DATA-10",Partial,1818,1818,"contents restored, identity not: the shared node was restored as two instances"
"Viper B-P3d","DATA-11",Unsupported,0,0,"the value contains a cycle, which needs PreserveReferences (§16)"
"Viper B-P3d","DATA-12",Supported,89867,89867,""
"Viper B-P3d","DATA-13",Supported,8293,8293,""
"Viper B-P3d","DATA-14/blob",Supported,7096,7096,""
"Viper B-P3d","DATA-14/batch",Supported,27287,27287,""
"Viper B-P3d","DATA-15",Supported,1959540,1959540,""
"Viper B-P3d","DATA-16",Supported,546355,546355,""
"Viper B-P3d","DATA-17",Supported,9569,9569,""
"Viper B-P3d","DATA-18",Supported,1645,1645,""
"Viper B-P3d","DATA-19",Supported,12368,12368,""
"Viper B-P3d","DATA-20",Supported,24400,24400,""
"Viper B-P3b","DATA-01",Supported,124,124,""
"Viper B-P3b","DATA-02",Supported,932,932,""
"Viper B-P3b","DATA-03",Supported,18403,18403,""
"Viper B-P3b","DATA-04",Supported,1449859,1449859,""
"Viper B-P3b","DATA-05",Supported,372315,372315,""
"Viper B-P3b","DATA-06/5",Supported,140,140,""
"Viper B-P3b","DATA-06/10",Supported,233,233,""
"Viper B-P3b","DATA-06/25",Supported,525,525,""
"Viper B-P3b","DATA-06/50",Supported,972,972,""
"Viper B-P3b","DATA-06/200",Supported,3826,3826,""
"Viper B-P3b","DATA-06/511",Supported,9588,9588,""
"Viper B-P3b","DATA-07/unicode",Supported,12375,12375,""
"Viper B-P3b","DATA-07/ascii",Supported,65590,65590,""
"Viper B-P3b","DATA-08",Supported,900071,900071,""
"Viper B-P3b","DATA-09",Supported,106,106,""
"Viper B-P3b","DATA-10",Partial,1497,1497,"contents restored, identity not: the shared node was restored as two instances"
"Viper B-P3b","DATA-11",Unsupported,0,0,"the value contains a cycle, which needs PreserveReferences (§16)"
"Viper B-P3b","DATA-12",Supported,91589,91589,""
"Viper B-P3b","DATA-13",Supported,8324,8324,""
"Viper B-P3b","DATA-14/blob",Supported,331,331,""
"Viper B-P3b","DATA-14/batch",Supported,459,459,""
"Viper B-P3b","DATA-15",Supported,1959137,1959137,""
"Viper B-P3b","DATA-16",Supported,547034,547034,""
"Viper B-P3b","DATA-17",Supported,9482,9482,""
"Viper B-P3b","DATA-18",Supported,1635,1635,""
"Viper B-P3b","DATA-19",Supported,11681,11681,""
"Viper B-P3b","DATA-20",Supported,24451,24451,""
"Viper B-P4","DATA-01",Supported,124,124,""
"Viper B-P4","DATA-02",Supported,1062,1062,""
"Viper B-P4","DATA-03",Supported,21765,21765,""
"Viper B-P4","DATA-04",Supported,1739397,1739397,""
"Viper B-P4","DATA-05",Supported,540111,540111,""
"Viper B-P4","DATA-06/5",Supported,140,140,""
"Viper B-P4","DATA-06/10",Supported,247,247,""
"Viper B-P4","DATA-06/25",Supported,588,588,""
"Viper B-P4","DATA-06/50",Supported,1114,1114,""
"Viper B-P4","DATA-06/200",Supported,4494,4494,""
"Viper B-P4","DATA-06/511",Supported,11303,11303,""
"Viper B-P4","DATA-07/unicode",Supported,113764,113764,""
"Viper B-P4","DATA-07/ascii",Supported,84752,84752,""
"Viper B-P4","DATA-08",Supported,900070,900070,""
"Viper B-P4","DATA-09",Supported,360038,360038,""
"Viper B-P4","DATA-10",Partial,28273,28273,"contents restored, identity not: the shared node was restored as two instances"
"Viper B-P4","DATA-11",Unsupported,0,0,"the value contains a cycle, which needs PreserveReferences (§16)"
"Viper B-P4","DATA-12",Supported,109671,109671,""
"Viper B-P4","DATA-13",Supported,18663,18663,""
"Viper B-P4","DATA-14/blob",Supported,900065,900065,""
"Viper B-P4","DATA-14/batch",Supported,3600185,3600185,""
"Viper B-P4","DATA-15",Supported,2000049,2000049,""
"Viper B-P4","DATA-16",Supported,700803,700803,""
"Viper B-P4","DATA-17",Supported,19919,19919,""
"Viper B-P4","DATA-18",Supported,1883,1883,""
"Viper B-P4","DATA-19",Supported,18737,18737,""
"Viper B-P4","DATA-20",Supported,33661,33661,""
"Viper B-P5","DATA-01",Supported,154,154,""
"Viper B-P5","DATA-02",Supported,1092,1092,""
"Viper B-P5","DATA-03",Supported,21795,21795,""
"Viper B-P5","DATA-04",Supported,1739427,1739427,""
"Viper B-P5","DATA-05",Supported,540141,540141,""
"Viper B-P5","DATA-06/5",Supported,170,170,""
"Viper B-P5","DATA-06/10",Supported,277,277,""
"Viper B-P5","DATA-06/25",Supported,618,618,""
"Viper B-P5","DATA-06/50",Supported,1144,1144,""
"Viper B-P5","DATA-06/200",Supported,4524,4524,""
"Viper B-P5","DATA-06/511",Supported,11333,11333,""
"Viper B-P5","DATA-07/unicode",Supported,113794,113794,""
"Viper B-P5","DATA-07/ascii",Supported,84782,84782,""
"Viper B-P5","DATA-08",Supported,900100,900100,""
"Viper B-P5","DATA-09",Supported,360068,360068,""
"Viper B-P5","DATA-10",Partial,28303,28303,"contents restored, identity not: the shared node was restored as two instances"
"Viper B-P5","DATA-11",Unsupported,0,0,"the value contains a cycle, which needs PreserveReferences (§16)"
"Viper B-P5","DATA-12",Supported,109701,109701,""
"Viper B-P5","DATA-13",Supported,18693,18693,""
"Viper B-P5","DATA-14/blob",Supported,900095,900095,""
"Viper B-P5","DATA-14/batch",Supported,3600215,3600215,""
"Viper B-P5","DATA-15",Supported,2000079,2000079,""
"Viper B-P5","DATA-16",Supported,700833,700833,""
"Viper B-P5","DATA-17",Supported,19949,19949,""
"Viper B-P5","DATA-18",Supported,1913,1913,""
"Viper B-P5","DATA-19",Supported,18767,18767,""
"Viper B-P5","DATA-20",Supported,33691,33691,""
"Viper B-P6b","DATA-01",Supported,162,162,""
"Viper B-P6b","DATA-02",Supported,970,970,""
"Viper B-P6b","DATA-03",Supported,18441,18441,""
"Viper B-P6b","DATA-04",Supported,1449897,1449897,""
"Viper B-P6b","DATA-05",Supported,372353,372353,""
"Viper B-P6b","DATA-06/5",Supported,178,178,""
"Viper B-P6b","DATA-06/10",Supported,271,271,""
"Viper B-P6b","DATA-06/25",Supported,563,563,""
"Viper B-P6b","DATA-06/50",Supported,1010,1010,""
"Viper B-P6b","DATA-06/200",Supported,3864,3864,""
"Viper B-P6b","DATA-06/511",Supported,9626,9626,""
"Viper B-P6b","DATA-07/unicode",Supported,12413,12413,""
"Viper B-P6b","DATA-07/ascii",Supported,65628,65628,""
"Viper B-P6b","DATA-08",Supported,900109,900109,""
"Viper B-P6b","DATA-09",Supported,144,144,""
"Viper B-P6b","DATA-10",Partial,1535,1535,"contents restored, identity not: the shared node was restored as two instances"
"Viper B-P6b","DATA-11",Unsupported,0,0,"the value contains a cycle, which needs PreserveReferences (§16)"
"Viper B-P6b","DATA-12",Supported,91627,91627,""
"Viper B-P6b","DATA-13",Supported,8362,8362,""
"Viper B-P6b","DATA-14/blob",Supported,369,369,""
"Viper B-P6b","DATA-14/batch",Supported,497,497,""
"Viper B-P6b","DATA-15",Supported,1959175,1959175,""
"Viper B-P6b","DATA-16",Supported,547072,547072,""
"Viper B-P6b","DATA-17",Supported,9520,9520,""
"Viper B-P6b","DATA-18",Supported,1673,1673,""
"Viper B-P6b","DATA-19",Supported,11719,11719,""
"Viper B-P6b","DATA-20",Supported,24489,24489,""
"Viper B-P6d","DATA-01",Supported,152,152,""
"Viper B-P6d","DATA-02",Supported,989,989,""
"Viper B-P6d","DATA-03",Supported,18116,18116,""
"Viper B-P6d","DATA-04",Supported,1438502,1438502,""
"Viper B-P6d","DATA-05",Supported,381423,381423,""
"Viper B-P6d","DATA-06/5",Supported,179,179,""
"Viper B-P6d","DATA-06/10",Supported,281,281,""
"Viper B-P6d","DATA-06/25",Supported,603,603,""
"Viper B-P6d","DATA-06/50",Supported,1051,1051,""
"Viper B-P6d","DATA-06/200",Supported,3907,3907,""
"Viper B-P6d","DATA-06/511",Supported,9645,9645,""
"Viper B-P6d","DATA-07/unicode",Supported,10189,10189,""
"Viper B-P6d","DATA-07/ascii",Supported,65791,65791,""
"Viper B-P6d","DATA-08",Supported,900379,900379,""
"Viper B-P6d","DATA-09",Supported,2255,2255,""
"Viper B-P6d","DATA-10",Partial,1856,1856,"contents restored, identity not: the shared node was restored as two instances"
"Viper B-P6d","DATA-11",Unsupported,0,0,"the value contains a cycle, which needs PreserveReferences (§16)"
"Viper B-P6d","DATA-12",Supported,89905,89905,""
"Viper B-P6d","DATA-13",Supported,8331,8331,""
"Viper B-P6d","DATA-14/blob",Supported,7134,7134,""
"Viper B-P6d","DATA-14/batch",Supported,27325,27325,""
"Viper B-P6d","DATA-15",Supported,1959578,1959578,""
"Viper B-P6d","DATA-16",Supported,546393,546393,""
"Viper B-P6d","DATA-17",Supported,9607,9607,""
"Viper B-P6d","DATA-18",Supported,1683,1683,""
"Viper B-P6d","DATA-19",Supported,12406,12406,""
"Viper B-P6d","DATA-20",Supported,24438,24438,""
"Viper B-P7","DATA-01",Supported,91,91,""
"Viper B-P7","DATA-02",Supported,1029,1029,""
"Viper B-P7","DATA-03",Supported,21732,21732,""
"Viper B-P7","DATA-04",Supported,1739364,1739364,""
"Viper B-P7","DATA-05",Supported,540078,540078,""
"Viper B-P7","DATA-06/5",Supported,107,107,""
"Viper B-P7","DATA-06/10",Supported,214,214,""
"Viper B-P7","DATA-06/25",Supported,555,555,""
"Viper B-P7","DATA-06/50",Supported,1081,1081,""
"Viper B-P7","DATA-06/200",Supported,4461,4461,""
"Viper B-P7","DATA-06/511",Supported,11270,11270,""
"Viper B-P7","DATA-07/unicode",Supported,113731,113731,""
"Viper B-P7","DATA-07/ascii",Supported,84719,84719,""
"Viper B-P7","DATA-08",Supported,900037,900037,""
"Viper B-P7","DATA-09",Supported,360005,360005,""
"Viper B-P7","DATA-10",Partial,28240,28240,"contents restored, identity not: the shared node was restored as two instances"
"Viper B-P7","DATA-11",Unsupported,0,0,"the value contains a cycle, which needs PreserveReferences (§16)"
"Viper B-P7","DATA-12",Supported,109638,109638,""
"Viper B-P7","DATA-13",Supported,18630,18630,""
"Viper B-P7","DATA-14/blob",Supported,900032,900032,""
"Viper B-P7","DATA-14/batch",Supported,3600152,3600152,""
"Viper B-P7","DATA-15",Supported,2000016,2000016,""
"Viper B-P7","DATA-16",Supported,700770,700770,""
"Viper B-P7","DATA-17",Supported,19886,19886,""
"Viper B-P7","DATA-18",Supported,1850,1850,""
"Viper B-P7","DATA-19",Supported,18704,18704,""
"Viper B-P7","DATA-20",Supported,33628,33628,""
